1,252081463,102,4110,2,252064373,102,4110,nan
3,251134112,102,4110,4,251110752,102,4110,nan
5,252016104,102,4110,6,254065055,102,4110,nan
7,251113172,102,4110,9,256156102,102,4110,nan
10,256061276,102,4110,11,251109039,102,4110,nan
12,251006045,102,4110,13,252082239,102,4110,nan
14,252058380,102,4110,15,251047138,102,4110,nan
16,255053116,110,5201,17,251028008,102,4110,nan
18,256055278,102,4110,19,256131009,102,4110,nan
20,256132039,102,4110,21,256135120,102,4110,nan
22,252067014,102,4110,23,252071075,102,4110,nan
24,252011140,104,4110,25,252079366,102,4110,nan
26,256033006,102,4110,27,252071105,102,4110,nan
28,254007187,102,4110,29,257018096,102,4110,nan
30,252021018,102,4110,31,251110106,102,4110,nan
32,256165327,102,4110,33,256021031,102,4110,nan
34,252048248,102,4110,35,251043080,102,4110,nan
36,252104113,102,4110,37,252081477,102,4110,nan
38,257022050,102,4110,39,255037164,102,4110,nan
40,251108011,102,4110,41,252019114,102,4110,nan
42,252046210,102,4110,43,251014049,102,4110,nan
44,251108005,102,4110,45,257001113,102,4110,nan
46,252065092,102,4110,47,251018041,102,4110,nan
48,251007410,102,4110,49,251049046,102,4110,nan
50,255067325,102,4110,51,256050132,102,4110,nan
52,252079407,102,4110,53,256131118,102,4110,nan
54,252056188,102,4110,55,252098207,102,4110,nan
56,252081242,102,4110,57,251060089,102,4110,nan
58,251004388,102,4110,59,252079071,102,4110,nan
60,256132077,102,4110,61,256135077,102,4110,nan
62,257006425,102,4110,63,255058456,102,4110,nan
64,251006176,102,4110,65,256138135,102,4110,nan
66,251020001,102,4110,67,256166841,104,4110,nan
69,251109360,104,4110,71,252092030,104,4110,nan
73,251137318,104,4110,74,256164339,104,4110,nan
75,254042139,104,4110,76,257017394,102,4110,nan
77,256147235,104,4110,78,256057046,102,4110,nan
79,251057014,110,4110,80,256096160,110,4110,nan
81,251055067,110,4110,84,252016155,104,4110,nan
86,251022174,104,4110,87,252070079,104,4110,nan
88,251049019,110,4110,89,251105348,104,4110,nan
90,252020385,104,4110,92,252062032,104,4110,nan
93,257032087,104,4110,94,251008096,104,4110,nan
95,252079121,102,4110,96,251138053,110,4110,nan
97,255040047,104,4110,99,251044135,104,4110,nan
100,256135107,104,4110,101,252053096,104,4110,nan
102,256145238,110,412L,103,256169294,110,4110,nan
104,256019017,110,4110,105,252104028,104,4110,nan
106,252057030,102,4111,107,252005412,104,4110,nan
110,256053209,110,4110,111,257020238,104,4110,nan
112,254002139,104,4110,119,256139035,104,4110,nan
120,251017092,104,4110,121,256137032,104,4110,nan
122,255064321,102,4117,123,255030139,104,4110,nan
124,257012002,104,4110,125,251111120,104,4110,nan
126,252088047,104,4110,127,256158180,110,4110,nan
129,251112073,102,4111,130,256166646,102,4110,nan
131,256146447,110,4110,134,257027115,104,5216,nan
135,251115103,104,5216,136,256136165,110,4110,nan
137,257023458,104,5216,138,252066218,104,5216,nan
140,251138062,110,4110,141,251111246,102,4111,nan
142,251052068,110,4110,143,251054070,110,4110,nan
144,252099330,110,4110,146,256020012,102,4111,nan
147,257016645,109,4110,148,251108049,110,4110,nan
149,251116014,110,4110,150,252099088,104,5216,nan
153,256166747,110,412L,155,251007136,102,4110,nan
156,251050161,110,4110,157,252101037,104,4124,nan
158,251110227,110,4110,159,254013108,110,4110,nan
160,251110809,104,5216,161,253004041,110,4110,nan
163,251050351,110,4110,164,251045054,110,4110,nan
166,251046234,110,4110,167,256126069,110,4110,nan
168,251007462,104,5216,170,256159063,110,4110,nan
171,251050134,110,4110,173,251110259,109,4110,nan
175,251142459,104,4124,176,257051072,104,5216,nan
177,257012065,104,5216,179,255021117,104,5216,nan
180,257017265,109,4110,181,251049156,109,4110,nan
182,256055114,109,4110,183,256004172,110,412L,nan
184,256061200,102,4110,185,252099283,109,4110,nan
186,252039157,104,5216,187,256135060,110,412L,nan
188,254042058,109,4110,189,256155059,109,4110,nan
191,256145428,110,412L,192,256071337,109,4110,nan
193,256055245,110,412L,194,252080310,109,4110,nan
196,252103243,102,4110,197,251108331,109,4110,nan
198,251108452,102,4117,200,257012052,109,4110,nan
201,251044140,109,4110,202,252099234,104,4124,nan
203,256135208,109,4110,204,257017066,102,4110,nan
205,251047151,110,4111,207,251143586,110,412L,nan
208,251042074,109,4110,209,252013374,104,4124,nan
210,256165131,109,4110,211,256058057,110,412L,nan
212,257012129,109,4110,213,257002125,104,4124,nan
215,251051176,109,4110,216,255013174,110,4111,nan
217,257027373,109,4110,218,251044083,102,4110,nan
219,251023251,109,4110,221,252030254,102,4110,nan
224,252013319,109,4110,226,257020219,109,4110,nan
227,252022135,109,4110,228,257021008,109,4110,nan
229,255068082,109,4110,230,256169372,109,4110,nan
232,256165255,109,4110,234,256166784,109,4110,nan
235,251159141,104,4124,236,252012078,104,4124,nan
237,251009086,110,412L,238,256139168,106,4110,nan
239,256061310,109,4110,240,252083169,104,4124,nan
241,251130291,102,4110,243,251108246,109,4110,nan
244,255017030,109,4110,245,257020126,109,4110,nan
246,256133174,110,412L,247,256169222,109,4110,nan
248,251134089,102,4111,249,252068293,109,4110,nan
250,252099278,104,4124,252,255051133,109,4110,nan
253,251121127,109,4110,254,251007624,104,4124,nan
256,252023102,104,4124,258,256087299,110,4111,nan
259,255021345,104,4124,260,252019476,109,4110,nan
261,256061244,110,412L,262,257019061,109,4110,nan
263,251108356,102,4111,264,257001288,102,412I,nan
265,254013011,102,4111,266,257016495,104,4124,nan
270,257026299,109,4110,271,252064096,109,4110,nan
272,257028240,106,4110,273,252060424,104,4124,nan
275,257012017,113,4110,276,251141230,102,4111,nan
277,257053017,104,4124,279,255013068,106,4110,nan
280,257022011,102,4117,281,256028219,110,412L,nan
282,257015051,113,4110,283,251017062,106,4110,nan
285,252019297,104,4124,287,251045037,104,4124,nan
288,256109607,110,412L,289,257043139,113,4110,nan
291,252081085,104,4124,292,252100414,110,412L,nan
293,251147099,102,4111,295,252104307,104,4124,nan
296,256029041,102,4110,297,257015139,113,4110,nan
298,251143669,102,4111,299,251050700,104,4124,nan
300,251110374,104,4124,301,251019019,106,4110,nan
302,251130067,104,4124,303,256160222,106,4110,nan
305,252063223,104,4124,306,256137127,110,412L,nan
307,251146042,102,4111,309,251056044,106,4110,nan
310,251147184,102,4111,312,252104034,104,4124,nan
313,257021047,104,4124,315,256152067,106,4110,nan
316,251141500,104,4124,317,251057064,102,4111,nan
318,256140105,106,4110,319,252101160,104,4124,nan
321,255010168,102,4111,323,252103169,104,4124,nan
324,251049210,110,4111,325,252016092,104,5254,nan
326,251110444,110,4111,327,257017202,104,5254,nan
332,256039078,106,4110,333,252007081,106,4110,nan
336,257016284,104,5254,337,252093284,102,4111,nan
338,251060064,104,5254,339,256016080,107,4110,nan
340,256058105,106,4110,341,257022053,104,5254,nan
342,251138050,102,4111,343,257042032,106,4110,nan
344,251045076,110,4111,345,256051188,106,4110,nan
346,256130080,113,4110,347,251020185,113,4110,nan
348,255063003,106,4110,349,257017206,104,5254,nan
350,251142122,102,4111,351,251111060,106,4110,nan
353,252100379,104,5254,354,251004288,104,5254,nan
355,252092174,104,5254,357,256169139,102,4111,nan
358,251003094,106,4110,360,251027033,113,4110,nan
361,256057017,106,4110,363,252008152,113,4110,nan
364,256168169,106,4110,365,252098140,104,4111,nan
366,251008002,113,4110,367,256145139,102,4111,nan
368,256046166,102,4111,369,251059031,102,4110,nan
371,256044160,106,4110,372,252011197,104,4111,nan
373,255064580,106,4110,374,256160161,106,4110,nan
375,251023338,106,4110,376,257022039,104,4110,nan
377,252012109,113,4110,378,251003213,113,4110,nan
379,251050160,102,4111,381,252105245,106,4110,nan
382,257002286,113,4110,384,256148344,110,4111,nan
385,255027330,102,4111,389,251046059,110,4110,nan
390,251046026,110,4111,391,256022139,106,4110,nan
394,255039042,106,4110,395,255053075,106,4110,nan
397,251049112,110,4111,398,252013039,104,4110,nan
399,256137076,102,4111,401,252015241,102,4111,nan
402,252101350,104,4111,403,252080425,104,4110,nan
404,254002426,102,4111,406,256156076,106,4110,nan
407,251057021,102,4111,408,254033320,106,4110,nan
409,252013462,102,4111,411,251146142,102,4111,nan
412,256053228,106,4110,413,251146048,102,4111,nan
416,257028134,102,4111,417,251143679,102,4111,nan
418,251026089,102,4111,419,255013003,106,4115,nan
420,251115198,102,4111,421,254016173,106,4110,nan
423,257017321,113,4110,424,255064197,106,4110,nan
425,257017226,113,4110,426,256071336,102,4117,nan
427,254003363,104,4111,428,252032165,106,4110,nan
430,254020356,102,4111,431,256144039,106,4110,nan
432,255006456,106,4110,433,251110457,102,4111,nan
434,254020234,104,4110,436,252007279,106,4110,nan
439,252080345,106,4110,440,251042240,106,4110,nan
441,256061090,110,4110,442,255011114,107,4110,nan
445,252063217,104,4111,448,252105029,104,4111,nan
449,252081216,104,4110,450,251110622,106,4110,nan
451,252012092,113,4110,452,251043129,110,4111,nan
453,256170178,110,4111,454,256053349,110,4110,nan
455,252017345,106,4110,457,251050319,110,4111,nan
459,251015189,113,4110,460,257028410,104,4111,nan
461,256054076,106,4185,462,255065223,106,4110,nan
464,251053141,110,4111,465,256099014,110,4111,nan
466,256071148,106,4110,467,256166287,113,4110,nan
469,251042158,110,4111,470,251002020,102,5217,nan
472,251110395,102,412I,475,257020137,104,4110,nan
476,252027296,104,4111,477,255064553,106,4185,nan
478,253004081,104,4111,480,256044144,107,4110,nan
482,257017152,113,4110,483,252099093,104,4111,nan
484,251004126,102,5217,485,251111008,102,5217,nan
486,251050554,113,4110,487,251108308,104,4111,nan
488,251122154,106,4185,490,251116016,102,4125,nan
494,256170170,104,4111,495,252082099,106,4185,nan
496,257017340,104,4111,497,256180085,107,4110,nan
498,251121106,104,4110,499,252080292,104,4111,nan
500,251050413,110,4111,502,252058273,113,4110,nan
503,252054225,104,4111,504,251050404,117,4110,nan
505,252003112,113,4110,506,257017293,104,4111,nan
507,251110250,109,4110,508,252057245,113,4110,nan
509,251050342,110,4111,510,255013118,110,4111,nan
511,251070086,110,4111,512,256129283,107,4110,nan
513,256136101,107,4110,515,252104177,104,4111,nan
518,257023089,104,4111,519,251118064,106,4208,nan
521,251060027,104,4111,522,251104092,113,4110,nan
523,256145461,107,4110,524,256170234,104,4111,nan
525,251019048,113,4110,527,251113041,104,4111,nan
528,257005199,113,4110,529,253025224,106,4185,nan
530,251145301,107,4110,531,252009206,113,4110,nan
533,251071493,117,4110,534,256108060,110,4111,nan
535,256167428,113,4110,536,257049031,104,4111,nan
539,251050130,107,4110,541,252105102,104,4111,nan
545,255007233,107,4110,546,257017069,113,4110,nan
548,252098244,104,4111,549,255029152,113,4110,nan
553,251143189,107,4110,555,252100086,113,4110,nan
556,257022094,113,4110,557,255006261,117,4110,nan
560,252024185,104,5216,561,251054078,110,4111,nan
562,251003220,113,4110,563,257020300,104,4111,nan
564,251050659,113,4181,566,252101386,104,4111,nan
567,251044197,110,4111,569,254037139,104,4111,nan
572,254001331,113,4110,573,252018273,104,4111,nan
574,256131113,107,4110,575,251113160,107,4110,nan
577,256044124,110,4111,578,255066385,117,4110,nan
580,252102054,104,4111,581,253023103,109,4110,nan
582,251054061,107,4110,583,257022191,117,4110,nan
584,251108054,102,4117,585,252104082,104,4111,nan
587,252057038,117,4110,589,252010138,117,4110,nan
591,251050094,104,4111,592,251040142,113,4110,nan
593,255065062,109,4203,595,252006128,104,4111,nan
596,254011489,109,4203,597,251110300,110,412U,nan
598,256057230,117,4110,599,251070224,104,4111,nan
601,251024196,102,4107,602,252053354,117,4110,nan
605,252063159,104,4111,606,257021053,113,4181,nan
607,257049238,110,4111,609,251157166,110,4111,nan
610,252038308,117,4110,611,251026053,102,4117,nan
612,252023050,104,4112,613,251032052,117,4110,nan
614,252075049,117,4110,616,255023123,117,4110,nan
619,256010149,117,4110,621,251158014,102,5217,nan
624,251108130,102,5217,625,256096175,117,4110,nan
628,251103110,102,5217,629,256165511,110,4110,nan
630,253026240,113,4181,632,251054124,110,4111,nan
634,256152035,110,4111,636,252082074,117,4110,nan
637,251104060,117,4110,638,256168152,107,4110,nan
639,251145235,102,5217,640,256095737,110,4111,nan
642,257020123,104,4112,644,256053013,107,4110,nan
646,256089299,102,5217,648,252100169,104,4112,nan
649,251039142,117,4110,650,251136084,117,4110,nan
652,252105105,117,4110,653,251110357,102,5217,nan
654,256148129,107,4110,656,252104383,107,4110,nan
657,256055031,117,4110,658,251124045,113,4181,nan
659,252006428,113,4181,662,256018041,110,4101,nan
663,256148021,110,4111,666,251141044,117,4110,nan
667,254041102,107,4110,668,251006169,102,5217,nan
669,252059189,102,5217,670,251123150,113,4181,nan
671,254005337,113,4181,673,256129042,107,4110,nan
675,251136256,117,4110,677,252061016,113,4181,nan
679,252010117,117,4110,682,252104079,104,4112,nan
684,254005190,117,4110,685,252025111,104,5216,nan
688,253003359,109,4203,689,251042315,117,4110,nan
690,251071707,107,4185,691,252100410,117,4110,nan
694,251050430,117,4110,695,255058171,117,4110,nan
696,256020100,110,4111,697,251028071,102,5217,nan
698,251047225,110,4111,699,252047001,117,4110,nan
703,255064171,110,4111,704,251004238,117,4110,nan
708,251020092,110,4111,709,256146048,106,4185,nan
710,251022240,113,4181,712,256054001,110,4110,nan
714,251110825,110,4111,718,257014651,102,5217,nan
719,252100308,102,5217,720,256146169,110,4111,nan
722,252063134,104,4112,724,256061284,107,4185,nan
725,256088021,110,4111,726,256163122,110,4111,nan
731,256058205,110,4111,732,256127103,106,4185,nan
733,256054172,110,4110,734,252093011,113,4181,nan
735,257017079,102,5217,736,251014058,117,4110,nan
737,256130064,107,4185,739,254001107,104,4112,nan
740,252006063,117,4110,741,255012068,110,4111,nan
743,252091098,104,4124,745,256035018,107,4185,nan
746,256149279,107,4185,747,252032029,116,4110,nan
748,252013199,104,4112,749,251145083,107,4185,nan
751,251137293,110,4111,752,257018232,113,4194,nan
753,257044359,102,4206,754,252098096,104,4112,nan
755,255018085,104,4112,756,257026520,117,4110,nan
761,257029102,104,4112,762,251059028,110,4111,nan
765,251111115,102,5217,766,251110161,102,5217,nan
767,252102090,104,4112,769,256110171,110,4111,nan
771,256167086,107,4124,772,251042477,110,412U,nan
774,257016102,104,4112,775,252004451,104,4112,nan
776,251110493,102,5217,778,256098399,110,412L,nan
779,251110744,102,4111,780,254023267,102,5217,nan
782,252033262,104,4112,783,251017011,110,4111,nan
785,256125032,107,4185,786,251042308,107,4124,nan
787,255025172,110,412L,788,256133102,110,4111,nan
790,251142469,102,5217,791,255055252,109,4203,nan
792,257016331,117,4110,793,256135133,107,4185,nan
798,254031326,109,4111,800,252010294,102,5217,nan
801,252069313,109,4203,802,252004014,109,4203,nan
803,251057043,102,4117,805,256168231,110,4110,nan
806,257055057,104,4112,808,256143055,110,4111,nan
809,251053091,110,4111,810,255004148,107,4185,nan
812,251047294,109,4111,813,251115147,107,4124,nan
814,257014710,104,4112,815,255064217,102,5217,nan
816,251055102,110,5227,817,255064333,102,5217,nan
819,252032317,110,4111,821,252079078,102,5217,nan
822,256010130,106,4185,823,252051349,104,4112,nan
825,255063039,106,4115,826,256061417,106,4185,nan
827,257026466,102,5217,828,252099229,102,5217,nan
829,254020301,102,412I,830,256071094,102,5217,nan
831,256159150,107,4185,832,254043297,107,4124,nan
833,254030038,109,4111,835,251138007,102,5217,nan
836,257054091,113,4181,837,251082165,106,4185,nan
839,257019134,113,4181,841,257020482,102,5217,nan
844,256114325,110,4111,845,254033310,113,4181,nan
848,256145007,107,4111,849,256028468,110,4111,nan
851,251074064,109,4111,852,252048179,106,4185,nan
853,257022242,109,4111,856,251034013,102,4107,nan
857,251003064,109,4111,858,256145411,104,4192,nan
860,256157111,107,4185,861,251111271,107,4185,nan
862,251142368,109,4111,864,251113111,104,4192,nan
865,251049215,102,4206,866,251110643,110,4110,nan
867,252071244,102,4206,868,251051112,110,4125,nan
869,252102063,106,4185,870,252101085,109,4203,nan
872,256096446,110,4117,873,252011258,117,4181,nan
875,257017117,102,4125,876,251116009,107,4124,nan
878,257015080,109,4207,879,251141174,107,4124,nan
880,257041184,116,4110,881,251071587,109,4111,nan
884,251108314,109,4111,885,252099380,109,4111,nan
887,257017022,106,4185,890,256145083,106,4208,nan
891,252016114,109,4111,892,253049551,116,4110,nan
895,251118277,109,4111,896,256116044,110,412U,nan
897,256046008,102,412I,898,257018099,104,4192,nan
899,252103126,117,4124,902,251109176,102,4125,nan
903,257002253,109,4111,904,255037172,116,4110,nan
905,251015108,111,4110,907,251050329,109,4111,nan
908,257015048,116,4110,909,257027293,106,4185,nan
910,251048156,102,4117,912,251111298,102,4125,nan
914,256095419,106,4115,916,252103392,109,4111,nan
917,255036160,109,4203,918,252016540,104,4192,nan
919,251115085,107,4124,920,252101299,109,4111,nan
921,252101200,102,4206,922,256170221,109,4110,nan
923,251057157,109,4111,924,251110156,117,4181,nan
926,257053036,104,4192,927,251115161,102,4125,nan
928,252006303,109,4203,929,251110069,109,4111,nan
931,257040268,109,4111,932,257026418,106,4185,nan
933,251102095,117,4181,935,255067226,106,4208,nan
937,257005405,104,4192,940,251143475,117,4124,nan
941,251024118,102,412I,942,252098103,117,4124,nan
943,257020327,109,4111,944,255067362,109,4111,nan
945,251006076,109,4111,948,256058147,116,4110,nan
949,252100247,117,4124,951,251054067,109,4111,nan
952,254001292,105,4110,953,256021005,106,4185,nan
955,252019162,109,4203,956,251003203,117,4181,nan
957,257006430,102,4206,958,256108061,110,4111,nan
959,257054189,109,4207,960,256106207,102,412I,nan
962,251144046,117,4124,964,252101137,109,4111,nan
965,253049490,116,4110,966,257029088,104,4192,nan
967,252018242,109,4111,969,254007156,102,4125,nan
972,251117101,117,4181,973,252028074,117,4181,nan
974,255067337,106,4115,975,253018150,117,4181,nan
977,252013230,109,4111,978,252022041,104,4192,nan
981,251045131,109,4111,982,255058284,106,4208,nan
985,252098043,109,4111,986,251116028,102,4125,nan
989,256052096,107,4124,991,256166647,110,412L,nan
992,252093121,109,4203,993,253021371,109,4110,nan
994,251143188,109,4111,996,257007072,104,5216,nan
997,252005345,109,4111,999,257023141,109,4111,nan
1000,255040119,117,4181,1001,251041062,109,4207,nan
1002,252024139,109,4111,1003,252080208,109,4111,nan
1004,251004097,102,4125,1005,252068115,102,4125,nan
1006,251050538,109,4111,1008,251067557,109,4203,nan
1012,252049311,117,4124,1013,256170028,109,4111,nan
1015,256167041,107,4124,1016,251071371,109,4111,nan
1017,252050123,109,4111,1018,251143158,109,4111,nan
1019,253046169,116,4110,1021,251070280,109,4111,nan
1022,252047254,104,4192,1023,252009246,109,4203,nan
1024,256098251,110,412U,1025,252010363,109,4203,nan
1027,251110344,105,4110,1029,251109341,102,4125,nan
1030,255021168,109,4203,1032,252076043,104,4192,nan
1033,252051117,116,4110,1034,251050384,117,4181,nan
1035,252074129,117,4181,1036,257034061,109,4207,nan
1037,251007170,109,4111,1038,255026165,106,4115,nan
1039,251056050,109,4111,1040,251113007,109,4110,nan
1041,251018077,106,4115,1042,252072097,109,4111,nan
1044,257017211,109,4111,1046,251045283,110,4125,nan
1047,256028009,117,4181,1048,251019077,113,4114,nan
1049,251109242,102,4111,1050,251108213,102,4125,nan
1051,251129074,117,4181,1052,251130313,105,4110,nan
1054,256126141,110,4117,1055,256145001,116,4110,nan
1056,256050077,109,4111,1057,257018090,110,412U,nan
1060,251141403,102,412I,1061,256055087,110,412U,nan
1063,251058011,109,4111,1065,252080319,117,4124,nan
1066,252007113,116,4110,1067,251110536,102,4206,nan
1069,257020078,109,4111,1070,252083168,109,4110,nan
1072,251043111,110,4125,1073,256069384,117,4181,nan
1074,255040030,109,4111,1076,257022182,117,4181,nan
1077,255057075,109,4203,1078,252099353,117,4181,nan
1079,253004060,106,4115,1082,256106438,109,4111,nan
1083,256061278,116,4110,1084,252025144,104,4124,nan
1085,257016148,116,4110,1086,251050207,102,4117,nan
1087,251042214,109,4207,1088,256127219,102,4117,nan
1089,252056228,106,4208,1090,256160070,102,412I,nan
1091,251146199,109,4111,1092,251148123,106,4208,nan
1097,251050605,109,4110,1098,256125188,109,4111,nan
1099,252102374,104,4192,1101,252083245,109,4111,nan
1103,251056053,104,4192,1105,252016174,109,4111,nan
1106,252005389,109,4110,1107,251110066,109,4207,nan
1109,256140002,109,4110,1110,257040308,109,4111,nan
1111,252079289,102,4111,1112,252056321,109,4111,nan
1113,251104119,117,4124,1114,256161470,106,4115,nan
1116,255041151,116,4110,1117,257005143,109,4111,nan
1118,255068142,109,4111,1119,251050392,106,4115,nan
1121,257037080,109,4207,1123,257011041,113,4114,nan
1124,256136184,109,4111,1129,254001302,109,4111,nan
1130,252046170,116,4110,1132,257017097,104,4124,nan
1133,251113089,102,412I,1134,256159058,110,412U,nan
1136,252017143,113,4114,1137,255037167,106,4115,nan
1138,251049275,110,412U,1139,252004219,109,4111,nan
1140,256028197,110,412L,1141,257049085,102,4125,nan
1143,256095540,110,4117,1144,251042188,110,4117,nan
1145,256109690,110,4101,1146,256146192,109,4111,nan
1147,251071106,117,4124,1149,254012367,113,4114,nan
1150,251006026,102,4117,1151,252046081,117,4124,nan
1153,251052070,113,4114,1154,251023299,109,4203,nan
1156,252101020,104,4125,1157,251004293,117,4124,nan
1158,251025039,113,5606,1159,253049045,117,4124,nan
1161,257016511,116,4110,1163,257026218,113,4114,nan
1164,252101086,116,4110,1166,255021608,102,4125,nan
1167,255055159,106,4115,1172,252100023,106,4115,nan
1173,252034044,109,4203,1174,251143626,105,4110,nan
1175,256108102,104,4124,1176,251101466,106,4115,nan
1177,252103179,113,4114,1178,251071162,116,4110,nan
1179,252104120,109,4203,1180,256043367,106,4115,nan
1182,256166402,106,4115,1184,256095443,110,412U,nan
1185,252105107,106,4115,1186,251061106,104,4125,nan
1190,252047216,113,4114,1192,252031461,117,4124,nan
1193,252098258,116,4110,1195,251042454,102,4101,nan
1196,252029005,104,4124,1199,256133018,107,4111,nan
1202,256052039,106,4110,1203,257015143,106,4208,nan
1205,256035099,106,4115,1206,255036200,106,4115,nan
1209,252005046,106,4208,1210,254045017,116,4110,nan
1211,256069255,110,4117,1213,252059117,113,4114,nan
1215,256166200,106,4208,1216,256101116,110,4117,nan
1217,257020277,117,4124,1218,255068111,106,4208,nan
1219,252017043,117,4124,1220,257020163,113,4114,nan
1222,251007432,117,4124,1223,251109336,117,4124,nan
1224,252006231,104,4125,1225,253025087,116,4110,nan
1226,256106211,110,412U,1228,254035302,113,4114,nan
1229,251061001,102,4111,1231,255006182,116,4110,nan
1233,251050451,104,4124,1234,252101399,104,4124,nan
1235,257018094,113,4114,1239,256133141,106,4208,nan
1240,252010428,104,4125,1242,252103278,113,4114,nan
1244,252023163,117,4124,1245,257049477,106,4208,nan
1246,255066620,102,412I,1247,251113159,117,4124,nan
1248,256139057,102,4125,1249,256161436,116,4110,nan
1250,252062129,116,4110,1251,256035049,106,4208,nan
1254,257022127,113,4111,1255,252055062,117,4124,nan
1256,256053332,116,4110,1257,256189093,116,4110,nan
1258,252094028,110,4117,1259,252064152,106,4115,nan
1260,256134042,117,4124,1261,251136092,113,4114,nan
1262,252013158,116,4110,1263,252101371,116,4110,nan
1264,252054226,109,4207,1265,255007441,106,4115,nan
1266,251049101,106,4115,1268,254002221,102,412I,nan
1270,251111081,109,4207,1271,252063129,106,4208,nan
1272,251026076,106,4115,1273,251137249,102,412I,nan
1276,254039433,117,4124,1279,256148091,106,4208,nan
1280,252079111,113,4114,1282,252089199,113,4114,nan
1284,251112086,102,4125,1285,257046091,116,4110,nan
1286,251002115,105,4110,1288,256106232,106,4115,nan
1289,256138055,116,4110,1290,251137073,106,4208,nan
1291,252071172,104,412Z,1292,252101354,113,4114,nan
1294,256160130,107,4110,1296,256106405,110,412U,nan
1298,252053160,106,4110,1299,255037231,106,4208,nan
1300,254003040,106,4115,1302,256108083,106,4115,nan
1304,256127233,106,4208,1305,256136172,110,4117,nan
1306,255066042,102,4125,1307,251054133,116,4110,nan
1308,253049346,106,4115,1309,251054165,110,412U,nan
1310,252080277,106,4208,1313,254005426,116,4110,nan
1316,257019031,106,4115,1317,257016380,113,5606,nan
1318,255004269,106,4115,1319,251111294,113,4114,nan
1320,251041081,106,4208,1322,251026140,113,4114,nan
1326,256090022,110,4125,1327,252004282,113,5606,nan
1330,252101271,113,4114,1331,257020247,113,4110,nan
1332,256046078,106,4115,1334,257030032,116,4110,nan
1335,251092155,106,4208,1336,251031114,106,4208,nan
1337,251149027,106,4115,1338,251141537,102,4125,nan
1339,251010004,113,5606,1341,252018036,102,4125,nan
1343,251002037,102,4117,1345,256149066,107,4111,nan
1346,256028230,104,412Z,1347,252018148,116,4110,nan
1348,257017212,116,4110,1349,254064143,116,4110,nan
1350,257001367,116,4110,1351,257044276,113,4114,nan
1352,255065253,116,4110,1356,252014086,113,5606,nan
1358,251101022,102,4125,1359,252027240,106,4115,nan
1360,251004083,113,5606,1362,254001443,105,4110,nan
1363,251072054,113,5606,1364,257027444,116,4110,nan
1367,251059039,110,4117,1368,256134068,107,410A,nan
1370,256012027,106,4115,1371,256022157,106,4115,nan
1372,256170704,106,4110,1374,256099118,110,4117,nan
1375,257041190,113,4114,1376,252019091,113,4114,nan
1377,252038312,113,4114,1379,253030001,113,5606,nan
1380,252053436,113,4114,1381,252016230,116,4110,nan
1384,256061213,106,4110,1386,251142082,106,4115,nan
1387,251015201,113,4114,1388,256149212,107,4110,nan
1389,257026321,105,4110,1393,252105170,104,4117,nan
1394,251017222,113,4114,1396,251112099,102,4125,nan
1398,255064085,106,4115,1399,256088077,113,4114,nan
1400,256099090,110,4117,1402,257020442,116,4110,nan
1403,251007347,102,4125,1404,252021118,116,4110,nan
1407,257018280,113,4114,1408,252010376,113,5606,nan
1410,251048153,106,4115,1411,252102303,113,5606,nan
1412,251019005,102,4117,1413,257039173,113,4114,nan
1414,252105014,102,4125,1416,251007506,102,4125,nan
1418,256096100,106,4115,1421,256024084,110,4101,nan
1424,252011084,116,4110,1425,252105364,106,4115,nan
1426,256163047,106,4115,1427,251002080,113,5606,nan
1428,256101056,110,4117,1430,257026167,102,4117,nan
1431,252098196,104,4125,1434,251007062,113,4114,nan
1437,256014128,116,4110,1438,252083180,104,4125,nan
1440,252102227,106,4115,1441,256100043,110,4117,nan
1446,252019196,116,4110,1447,252030038,104,5254,nan
1450,252006081,113,4114,1453,256095228,110,4125,nan
1454,252092434,106,4115,1455,251007332,105,4110,nan
1456,251108495,102,4125,1457,256098134,106,4115,nan
1458,252094108,102,4125,1460,252103381,104,4125,nan
1461,252027374,116,4110,1462,251143380,111,4110,nan
1463,256069485,102,4125,1464,256170297,116,4110,nan
1466,252032338,113,4114,1467,255036102,102,4125,nan
1469,254035428,102,4125,1470,252003057,113,5606,nan
1471,251143434,106,4115,1472,256108003,106,4115,nan
1476,256028239,106,4115,1477,257001130,113,5606,nan
1478,251050159,107,410A,1479,252006189,105,4110,nan
1480,257017063,102,4111,1481,252104400,116,4124,nan
1482,251141471,102,4125,1483,256098386,102,4117,nan
1485,251021393,106,4115,1486,251015075,113,4114,nan
1487,251128043,102,4125,1489,252015078,116,4110,nan
1490,251040120,102,4117,1492,251109308,106,4111,nan
1493,255021176,102,4125,1494,251142196,113,4111,nan
1497,251041078,117,4114,1498,252078017,111,4110,nan
1499,254003200,105,4110,1500,251045271,113,5606,nan
1502,253029001,106,4110,1504,251071487,106,4111,nan
1505,251021154,102,4125,1506,252039013,106,4110,nan
1508,256138081,105,4110,1510,252081037,102,4125,nan
1511,257026130,113,5606,1512,257027260,113,5606,nan
1513,252016537,113,5606,1514,252079374,117,4114,nan
1515,256135124,105,4110,1516,251042010,117,4114,nan
1517,252024014,107,4111,1520,251006208,105,4110,nan
1521,251045094,117,4114,1522,252081200,117,4114,nan
1524,251007694,113,4111,1527,252064156,105,4110,nan
1528,251022037,102,4125,1529,257049114,106,4111,nan
1531,254004293,102,4202,1533,256035161,102,4117,nan
1534,251047122,107,4111,1535,251019081,107,410A,nan
1536,253004091,117,4114,1537,252059126,113,4111,nan
1538,251007589,107,410A,1539,256126120,102,4117,nan
1543,251143550,102,4107,1544,252046112,116,4124,nan
1545,255055291,117,4114,1546,252091021,113,4111,nan
1547,256164182,105,4110,1548,254002354,105,4110,nan
1551,255067034,117,4114,1553,251145209,105,4110,nan
1555,251017010,102,4125,1556,257006154,104,4125,nan
1557,254005374,106,4110,1558,255008017,117,4114,nan
1560,251055043,110,5227,1561,251142041,113,4111,nan
1562,256069038,117,4114,1564,256165079,117,4114,nan
1566,255067103,106,4111,1568,256069348,117,4114,nan
1569,251015103,102,4125,1570,252065288,102,4125,nan
1571,252092144,117,4114,1572,256028467,107,4111,nan
1573,256096191,110,4125,1574,251114047,107,4110,nan
1576,251050527,107,410A,1577,252102119,117,4114,nan
1578,255068093,102,4125,1579,256142062,105,4110,nan
1580,255063308,106,4111,1581,251164055,117,4114,nan
1582,252101139,102,4111,1584,253049501,102,4101,nan
1585,257018009,102,4125,1586,251113091,102,4107,nan
1587,251110182,117,4114,1589,254038210,109,4125,nan
1590,256015023,107,410A,1593,253042009,106,4111,nan
1594,252004435,117,4114,1595,254005403,104,4125,nan
1598,255051081,113,4111,1599,256141059,107,4111,nan
1600,256098267,102,4125,1602,256072075,117,4114,nan
1603,254004013,102,4125,1608,252101317,102,4125,nan
1609,257013168,116,4124,1610,251111011,102,4125,nan
1612,257024241,113,4110,1614,255023302,107,4111,nan
1615,251108335,106,4111,1616,251024095,105,4110,nan
1617,257026112,104,4111,1618,256109020,102,4125,nan
1620,251137002,117,4114,1623,251055059,107,4111,nan
1625,251129001,102,4125,1627,256058277,116,4124,nan
1628,256166767,105,4110,1629,253027165,116,4124,nan
1631,251047012,104,4117,1635,252105247,116,4124,nan
1636,251026100,104,4117,1638,252053287,117,4114,nan
1639,252064451,106,4111,1642,251042309,110,4204,nan
1644,257016682,107,410T,1645,257027270,104,4125,nan
1647,255047189,106,4111,1648,256157099,117,4114,nan
1649,255063078,117,4114,1651,254057194,113,4111,nan
1652,251032100,102,4125,1653,252092303,102,4125,nan
1654,251003074,102,4125,1657,256098111,107,410T,nan
1658,256095571,107,4111,1660,252060238,105,4110,nan
1662,252099361,106,4111,1662,257020258,105,4110,nan
1665,252011115,116,4124,1667,256148466,107,410T,nan
1668,255064483,106,4111,1670,252021178,102,4125,nan
1671,252103273,113,4111,1675,252019144,107,410A,nan
1676,256029042,107,410T,1677,252016554,104,4125,nan
1680,252031328,115,4110,1681,251001037,102,4125,nan
1682,257019081,111,4110,1684,251052043,107,4111,nan
1686,252103368,113,4111,1687,255023276,104,4125,nan
1688,253049009,105,4110,1690,252003186,117,4114,nan
1691,251146214,102,4125,1693,252099394,116,4124,nan
1694,252038384,104,4125,1696,251108340,102,4125,nan
1697,256121248,102,4111,1699,252005200,116,4124,nan
1700,251109442,102,4125,1702,256166652,102,4125,nan
1705,252047144,105,4110,1706,251044173,102,4202,nan
1707,252020083,113,4110,1708,254051075,104,4125,nan
1710,256125210,116,4124,1713,255030054,106,4111,nan
1714,255031302,117,4114,1715,251023019,102,4125,nan
1718,252028012,104,4125,1721,256095608,107,4111,nan
1722,256096002,102,4107,1724,251055013,117,4114,nan
1725,251110731,102,4125,1727,255063301,117,4114,nan
1728,256069339,107,4111,1730,254033450,102,4125,nan
1734,251109043,104,4117,1735,252013068,113,4111,nan
1738,257027199,113,4111,1739,256146229,107,4111,nan
1740,252022043,104,4117,1741,251148005,102,4107,nan
1742,256139076,102,4202,1744,251108504,111,4110,nan
1745,256015061,106,4111,1747,251053023,117,4114,nan
1748,252096155,104,4125,1750,257027344,104,4125,nan
1751,257016465,105,4124,1752,251110452,111,4110,nan
1753,252079093,106,4111,1755,255007270,102,4125,nan
1758,251047357,107,4111,1759,252016123,104,4125,nan
1761,256060200,104,412Z,1765,252102283,116,4124,nan
1766,251115175,102,4125,1769,257030295,104,4125,nan
1770,256164258,102,4125,1771,251047031,107,410A,nan
1772,256161417,107,410T,1775,252072096,105,4110,nan
1778,257040008,104,4125,1779,251146126,102,4125,nan
1781,256162142,107,4111,1782,255037083,102,4202,nan
1783,256167398,117,4114,1784,252019076,104,4125,nan
1785,251042379,107,4111,1787,256148272,106,4111,nan
1788,256035222,117,4114,1789,256028146,107,410T,nan
1790,251053144,106,4111,1792,251145289,102,4125,nan
1793,254056171,116,4124,1794,256170070,106,4110,nan
1795,251134002,104,4125,1796,256098144,107,410T,nan
1797,254016268,113,4111,1798,251051178,104,4125,nan
1799,252058285,117,4114,1801,251107043,111,4110,nan
1802,252070094,102,4107,1803,251091135,106,4111,nan
1807,255064144,106,4111,1808,252003155,111,4110,nan
1809,252079301,116,4124,1810,252100055,102,4198,nan
1811,252098221,107,410T,1812,252105006,106,4111,nan
1815,251115050,111,4110,1816,252105236,104,4125,nan
1818,251130375,107,4111,1819,251128102,102,4125,nan
1820,252099303,102,4101,1822,251146104,111,4185,nan
1824,256100116,106,4111,1825,252034113,117,4114,nan
1826,257023292,111,4110,1827,255068155,106,4111,nan
1828,255067057,113,4111,1829,251101443,117,4114,nan
1834,251137024,102,4125,1835,251108257,102,4107,nan
1838,253047067,116,4124,1839,251053151,106,4111,nan
1841,251015131,102,4101,1842,256120016,116,4124,nan
1843,254006051,113,4111,1848,252004045,104,4125,nan
1850,257005304,116,4124,1851,252056031,106,4111,nan
1852,251139100,111,4110,1853,256138143,102,4101,nan
1854,251031056,113,4110,1855,255067269,102,4101,nan
1856,255050011,113,4111,1857,251005080,104,4125,nan
1858,251110632,111,4110,1862,254001303,104,4125,nan
1865,256095619,106,4111,1866,251008092,107,410A,nan
1868,252046126,104,4198,1869,251145200,102,4101,nan
1872,251032012,111,4110,1873,256150086,106,4110,nan
1876,256042342,111,4110,1877,256055117,106,4111,nan
1878,257052195,116,4124,1879,252003075,102,4107,nan
1880,252049006,113,4111,1881,255031216,106,4111,nan
1883,257051199,104,4117,1884,251007388,102,4198,nan
1885,255059132,106,4111,1886,257047033,102,4107,nan
1887,257026499,113,4111,1890,252025168,113,4111,nan
1891,256021112,116,4124,1894,251007066,106,4110,nan
1895,252076176,107,410T,1896,251109125,102,4107,nan
1897,251146058,107,4111,1898,252049310,106,4111,nan
1899,256146418,110,4125,1900,256147145,107,4111,nan
1902,251042201,110,4125,1904,252016157,104,4107,nan
1905,256147157,105,4124,1907,251141669,102,4101,nan
1908,256055155,106,4110,1911,252099248,116,4124,nan
1912,252102072,113,4111,1913,252045115,102,4107,nan
1914,251071566,102,4111,1915,251101417,111,4110,nan
1916,256018039,121,4110,1917,252031566,113,4111,nan
1918,256019227,107,4110,1919,251108261,102,4101,nan
1920,256126039,106,4111,1923,252099025,113,4111,nan
1924,257039417,116,4124,1925,251091310,102,4101,nan
1928,252004399,113,4111,1929,252073455,106,4111,nan
1932,256156084,106,4111,1933,257018252,113,4111,nan
1934,256146194,117,4116,1936,255064431,106,4111,nan
1937,251003216,102,4107,1938,256164057,105,4124,nan
1939,256168042,110,4101,1940,251115036,102,4107,nan
1941,255067346,117,4116,1943,252103306,113,4111,nan
1944,257026567,115,4110,1945,251108418,102,4101,nan
1946,252071241,117,4116,1947,256146370,110,4111,nan
1949,257017108,113,4111,1952,257024238,113,4110,nan
1953,254016005,113,4111,1954,253022427,112,4110,nan
1956,256035291,116,4113,1958,256139004,110,4125,nan
1959,252081378,110,4125,1960,257043273,115,4110,nan
1961,254002373,109,4125,1962,252028083,104,4107,nan
1963,254003058,113,4111,1965,257046089,115,4110,nan
1966,251101421,106,4111,1969,255023300,113,4111,nan
1970,251109462,102,4101,1971,251142522,117,4116,nan
1972,254005279,102,4107,1973,254033085,109,4101,nan
1974,257021062,105,4124,1975,252099368,113,4111,nan
1976,257023314,115,4110,1978,257051143,106,4111,nan
1981,251122156,104,4117,1983,251137280,115,4110,nan
1985,256134212,106,4111,1986,251042026,117,4116,nan
1987,251091227,113,4111,1988,252017340,104,4136,nan
1989,251110671,102,4101,1990,251004100,113,4110,nan
1991,251003042,111,4185,1992,252102197,104,4107,nan
1993,251044248,113,4111,1996,257023167,113,4111,nan
1998,256126092,105,4124,1999,254011661,113,4111,nan
2002,256162206,105,4124,2005,254004210,105,4124,nan
2006,251048041,113,4111,2007,256166489,110,4125,nan
2010,251045032,102,4101,2011,252104303,104,4107,nan
2012,251108070,110,4125,2013,252046195,113,4110,nan
2014,251014065,111,4110,2016,256130173,113,4111,nan
2017,256061386,105,4124,2018,255018283,111,4110,nan
2019,256090093,110,4125,2020,255022060,111,4110,nan
2021,251143556,113,4111,2023,251070126,110,4125,nan
2024,251113101,113,4111,2025,252020404,110,4125,nan
2027,256057353,113,4111,2031,252100206,102,4202,nan
2032,255039038,113,4111,2035,252082214,105,4124,nan
2037,257001111,115,4110,2038,257039365,113,4111,nan
2039,255065295,110,4125,2042,256099123,110,4125,nan
2043,252099395,104,4107,2044,252028069,113,4111,nan
2045,257051196,113,4111,2046,251143604,110,4111,nan
2047,252103020,113,4110,2049,252032163,109,4125,nan
2050,252028132,113,4111,2052,254011442,113,4111,nan
2053,254012075,105,4124,2054,252045106,110,4125,nan
2055,254013180,102,4202,2056,257017284,110,4125,nan
2059,252019430,115,4110,2060,252033193,113,4111,nan
2061,256071339,110,4125,2063,251143276,113,4111,nan
2064,256069267,117,4116,2065,257020470,113,4111,nan
2066,251047206,117,4116,2067,251113024,113,4111,nan
2068,254003162,111,4185,2069,254004307,102,4107,nan
2072,251052104,117,4116,2073,257002011,105,4124,nan
2074,251065107,117,4116,2076,251046193,110,4125,nan
2077,257029260,106,4121,2079,257021063,102,4107,nan
2083,251061073,102,4202,2085,252079395,113,4111,nan
2087,257017337,113,4111,2088,251136015,104,4111,nan
2089,252092221,102,4107,2091,252102061,113,4111,nan
2094,252020127,104,4107,2095,256071042,110,4125,nan
2096,257016486,103,4110,2099,251141444,105,4124,nan
2100,252047346,104,4117,2101,251159174,115,4110,nan
2103,251048119,112,4110,2104,257020025,116,4113,nan
2107,255036020,106,4121,2112,257001165,115,4110,nan
2116,253004040,111,4185,2117,254016098,102,4202,nan
2120,256099076,110,4125,2121,256152050,107,4110,nan
2122,257018101,115,4124,2125,251113028,117,4116,nan
2126,251007102,102,4107,2128,252099207,117,4116,nan
2130,256161481,111,4185,2131,254033360,117,4116,nan
2133,252103289,102,4101,2134,251120168,115,4110,nan
2135,256169212,111,4185,2136,252008179,115,4110,nan
2137,256148328,111,4185,2138,256164175,115,4110,nan
2140,255039152,109,4125,2141,252007077,117,4116,nan
2142,251004350,102,4107,2143,257006396,114,4110,nan
2145,256035171,111,4185,2146,256170415,117,4116,nan
2150,257033161,102,4202,2152,252100233,102,4198,nan
2153,257013180,104,4111,2155,257023172,113,4125,nan
2158,253022572,116,4113,2159,256138028,111,4185,nan
2160,256057055,107,4185,2164,251045004,117,4116,nan
2165,251108369,103,4110,2166,251007591,110,4125,nan
2169,251046145,117,4116,2171,252064328,102,4107,nan
2172,251108201,102,4198,2174,251030113,102,4101,nan
2175,252017166,116,4113,2182,257024215,115,4110,nan
2184,252025005,104,4107,2186,256170137,110,4111,nan
2187,252013190,111,4185,2188,256043226,117,4116,nan
2189,255063009,117,4116,2190,251108220,102,4101,nan
2191,257039436,110,4125,2192,256130006,111,4185,nan
2193,253026061,116,4113,2194,257002079,116,4113,nan
2195,251154140,117,4116,2196,252018092,104,4117,nan
2197,252045075,104,4107,2199,257029179,116,4113,nan
2200,252103178,104,4107,2201,256043170,116,4113,nan
2202,251110794,102,4107,2203,252017008,115,4110,nan
2205,251109203,102,4107,2206,255038202,106,4121,nan
2208,251047084,115,4110,2210,252010494,117,4110,nan
2211,252104131,104,4107,2212,254011299,116,4113,nan
2213,255038020,110,4125,2214,257017160,102,4198,nan
2215,256165029,116,4113,2216,256161225,110,4125,nan
2217,254014063,111,4185,2218,252057098,116,4113,nan
2219,251141194,102,5217,2220,251015149,117,4110,nan
2222,252007206,109,4111,2224,257033131,116,4113,nan
2225,256164247,107,4118,2226,251032082,110,4125,nan
2232,252009333,104,4107,2233,251108352,102,4107,nan
2234,257016560,104,4107,2235,251046084,110,4125,nan
2236,252008101,111,4185,2237,256058224,117,4110,nan
2240,256055389,107,4185,2243,252017311,115,4110,nan
2244,252007164,115,4110,2245,252047248,106,4121,nan
2246,255010169,116,4113,2250,252060445,116,4113,nan
2252,256150200,115,4110,2253,257017215,102,4101,nan
2254,256098276,110,4125,2255,251024203,102,4202,nan
2257,251009180,115,4110,2258,257007141,104,5254,nan
2260,255006192,116,4113,2263,252077071,102,4107,nan
2264,257016249,103,4110,2265,251051221,115,4110,nan
2266,255064305,106,4121,2267,257026026,113,4181,nan
2268,251052231,102,4101,2269,251021035,108,4110,nan
2270,257020428,114,4110,2275,256155146,116,4113,nan
2276,251055077,116,4113,2277,251114011,102,4107,nan
2278,252003010,109,4125,2279,252049244,102,4101,nan
2281,252057206,102,4202,2282,251021298,111,4111,nan
2283,251061104,110,4125,2286,256148386,104,4117,nan
2288,256095598,110,4125,2291,251005034,115,4110,nan
2292,251141532,116,4113,2293,251111225,102,4107,nan
2294,256053125,110,4111,2295,251014188,111,412J,nan
2296,256102097,110,4125,2297,255067267,114,4124,nan
2298,252009153,104,4107,2299,252102008,115,4110,nan
2301,251110516,108,4110,2303,257027185,102,4107,nan
2304,256051211,110,5201,2305,257020486,102,4101,nan
2307,251115148,115,4110,2308,251003168,115,4110,nan
2309,256166475,104,4117,2310,252016023,106,4121,nan
2311,252056285,116,4113,2312,251105236,102,4202,nan
2313,255055199,102,4107,2315,251110295,110,4125,nan
2316,252044022,109,4125,2317,254065158,116,4113,nan
2318,251050177,106,4121,2321,251143124,102,4107,nan
2322,257014199,102,4198,2327,252064419,102,4101,nan
2328,251044331,110,4111,2329,251006163,114,4110,nan
2330,251043092,110,4125,2331,251141342,104,4117,nan
2333,251113049,116,4113,2337,252056272,116,4113,nan
2339,251060097,110,4111,2340,251109476,109,4125,nan
2343,251139068,116,4111,2344,256158065,101,4110,nan
2345,251141499,102,4101,2346,251101138,116,4113,nan
2348,254036112,116,4113,2352,257039078,116,4113,nan
2353,251154135,116,4113,2354,252006159,110,4125,nan
2355,257026088,115,4110,2357,252054133,115,4110,nan
2359,251007163,110,4125,2361,252004093,102,4101,nan
2362,252013251,104,4107,2363,256106165,110,4125,nan
2364,252099137,102,5217,2365,251042190,109,4101,nan
2366,251121253,102,4107,2367,255030264,102,4107,nan
2370,254033402,116,4113,2371,251111076,102,4107,nan
2372,251004127,102,4202,2373,252025185,104,4107,nan
2374,251007543,111,4111,2376,257041194,115,4110,nan
2379,256148407,110,4125,2380,257001031,103,4110,nan
2383,251047166,117,4110,2384,251070156,116,4113,nan
2385,251058035,110,4125,2386,251143015,102,4198,nan
2388,256155010,102,4107,2389,251043138,115,4110,nan
2390,255035232,105,4111,2391,257013194,104,4107,nan
2392,257026017,115,4110,2393,254054041,114,4110,nan
2395,257054242,109,4101,2396,251146182,109,4125,nan
2397,251110396,110,4125,2400,256170084,115,4110,nan
2401,257017192,109,4125,2404,255066170,106,4121,nan
2405,257049605,102,4107,2406,255026130,116,4113,nan
2407,255021044,104,4111,2408,252053235,104,4107,nan
2409,252079357,115,4110,2413,256071050,106,4121,nan
2414,251006071,104,4107,2415,251158153,116,4113,nan
2416,251044238,102,4198,2417,252105241,104,4111,nan
2418,254002361,115,4110,2419,252081390,117,4110,nan
2420,252079092,117,4110,2421,251151082,109,4125,nan
2423,251120223,102,4107,2425,252015237,104,4107,nan
2427,254011166,116,4113,2428,254029481,113,4181,nan
2429,251021362,108,4110,2431,251118248,102,4107,nan
2432,251157004,109,4125,2438,255039166,102,4198,nan
2440,257029058,103,4110,2441,256161085,106,4121,nan
2444,256103028,110,4125,2446,254005089,109,4125,nan
2447,252073075,116,4113,2449,252074108,109,4125,nan
2450,251141139,115,4110,2451,254005172,115,4110,nan
2452,251117637,102,4198,2453,252019338,116,4113,nan
2455,255066078,116,4113,2459,251057036,110,5227,nan
2460,254002447,102,4107,2462,254001313,102,4107,nan
2463,257018031,109,4125,2464,253049604,102,4107,nan
2465,254003223,106,4121,2466,251047025,110,4125,nan
2468,251057001,110,4125,2469,256157114,114,4110,nan
2470,251136208,104,4136,2471,251146041,102,4198,nan
2472,251102020,104,4117,2473,251050586,116,4113,nan
2476,256164266,117,4110,2480,251028006,108,4110,nan
2482,251137009,109,4125,2483,251054093,104,4117,nan
2486,252060073,117,4110,2487,256168142,107,4118,nan
2489,254030373,116,4113,2491,251031053,116,4113,nan
2492,256033004,116,4113,2494,252075148,102,4198,nan
2495,256087050,116,4113,2496,254065266,112,4110,nan
2498,252019249,115,4110,2499,252009143,104,4193,nan
2502,256069016,109,4125,2503,255017190,104,4107,nan
2504,251049259,110,4111,2506,255026206,104,4117,nan
2507,254001199,104,4111,2509,252098115,104,4117,nan
2510,252018154,104,4198,2511,256018036,116,4113,nan
2512,254043021,115,4110,2515,256162054,107,4185,nan
2520,252022132,104,4107,2523,252005234,104,4117,nan
2526,256010118,116,4113,2528,251139108,109,4125,nan
2531,251016034,108,4110,2532,256164264,101,4110,nan
2535,251112110,102,4198,2537,256131105,107,4118,nan
2538,251007228,102,4198,2539,252104399,104,4107,nan
2540,251020134,108,4110,2542,256026012,109,4125,nan
2543,255024129,114,4110,2544,257052135,104,4198,nan
2547,255004479,105,4111,2548,252073449,104,4107,nan
2551,256145443,109,4125,2553,255055047,116,4113,nan
2554,251115136,102,5217,2557,252093158,109,4125,nan
2558,256095645,115,411G,2559,255063170,104,4117,nan
2563,251005028,108,4110,2564,251043057,110,4101,nan
2565,255039186,104,4117,2566,256131186,107,4118,nan
2570,252013344,109,4125,2574,252099250,104,4198,nan
2576,255065225,109,4125,2577,251045210,110,4111,nan
2579,251106073,109,4125,2580,256109309,110,5227,nan
2581,251143486,104,5210,2584,252075157,102,4198,nan
2585,252070226,116,4113,2587,257034088,104,4198,nan
2590,252056392,103,4110,2591,257014277,113,4181,nan
2593,256133123,107,4118,2596,253029060,112,4110,nan
2600,251109170,109,4125,2601,251148137,109,4125,nan
2602,256131001,114,4110,2604,254065342,104,4198,nan
2607,252104293,116,4113,2608,256170522,112,4110,nan
2609,252047339,104,4198,2614,251040028,109,4125,nan
2615,251143053,109,4125,2616,252103386,103,4110,nan
2617,254046041,104,4198,2619,257049300,109,4125,nan
2620,256046132,105,4111,2622,252018106,104,4198,nan
2623,254033297,116,4113,2624,257019062,104,4111,nan
2625,254002136,109,4202,2626,252066228,109,4125,nan
2627,252011158,104,4111,2629,256158106,116,4113,nan
2630,251110828,108,4110,2631,252100401,109,4125,nan
2632,251070264,110,4101,2633,251141508,113,4117,nan
2634,251057106,110,4107,2635,255063227,116,4113,nan
2638,252021024,104,4198,2639,251070314,112,4110,nan
2642,252100056,116,4111,2643,256133248,112,4110,nan
2644,251032023,115,4124,2645,252004183,103,4110,nan
2646,251142308,109,4125,2647,257001118,114,4110,nan
2648,256138107,108,4110,2653,256147001,110,4101,nan
2655,251050591,110,4101,2657,252018078,104,4136,nan
2658,253003620,104,4136,2662,255036136,116,4111,nan
2663,251057011,104,4198,2664,256162398,114,4110,nan
2666,251110718,102,4109,2668,255036205,104,4198,nan
2669,251111289,102,412I,2673,252101058,115,411G,nan
2674,255069193,102,4109,2677,257016519,109,4207,nan
2679,252032329,109,4202,2681,257026331,113,4125,nan
2682,251109292,108,4110,2683,251143522,110,4101,nan
2684,257017157,109,4125,2686,252100145,115,4124,nan
2689,255019026,106,4121,2690,254009073,113,4125,nan
2691,252097148,109,4125,2692,255027305,109,4125,nan
2693,256061031,115,4124,2694,251134011,117,4110,nan
2695,254016149,105,4110,2697,257034426,109,4125,nan
2698,252015254,104,4136,2700,256147059,107,4124,nan
2702,257033064,109,4125,2705,251108159,109,4125,nan
2708,254015131,114,4110,2710,251057124,109,4125,nan
2711,253033113,112,4110,2712,251108460,102,4128,nan
2714,256166313,109,4125,2715,252023039,104,4136,nan
2718,257020307,108,4110,2719,254005231,110,5227,nan
2720,251023346,115,411G,2721,251050307,110,4107,nan
2724,256130012,108,4110,2725,252104060,116,4111,nan
2727,251042471,110,5227,2729,252066121,109,4125,nan
2730,256097156,106,4121,2731,257017267,114,4110,nan
2732,256168110,101,4110,2733,251070299,110,412V,nan
2734,252025084,108,4110,2735,253047019,101,4110,nan
2736,254063112,109,4125,2737,257026071,115,411G,nan
2738,252105116,115,411G,2740,256164342,116,4111,nan
2741,254003220,106,4121,2742,251111196,110,4101,nan
2745,254032075,109,4125,2746,256165486,107,4118,nan
2747,254061168,113,4125,2748,251143035,108,4110,nan
2749,256069283,110,4101,2750,257051178,108,4110,nan
2752,254010001,109,4202,2753,252050086,103,4110,nan
2754,251014205,109,4125,2755,251044003,117,4124,nan
2758,256039309,107,4124,2760,256013022,115,411G,nan
2763,251146002,103,4110,2765,256062034,110,5201,nan
2768,255030064,109,4125,2770,252062125,103,4110,nan
2771,251021166,109,4125,2772,252088219,103,4110,nan
2773,252016641,106,4125,2774,252101251,115,4124,nan
2776,251051223,110,4111,2777,252005221,106,4125,nan
2779,251110742,104,4136,2781,254007088,116,4111,nan
2782,253032117,116,4111,2783,254001100,102,4128,nan
2785,254030017,109,4107,2789,252051133,104,4112,nan
2791,251061143,110,4101,2792,253026363,112,4110,nan
2795,251008087,114,4114,2797,254020472,116,4111,nan
2798,251128082,106,4125,2802,255021764,108,4110,nan
2804,252070032,116,4111,2805,252046303,106,4125,nan
2806,254062055,114,4110,2808,255064032,110,5201,nan
2811,252023027,104,5210,2814,256021066,101,4110,nan
2815,256136200,110,5227,2816,251111009,102,4125,nan
2819,257026153,103,4110,2820,257040105,115,4124,nan
2821,257019180,112,4110,2822,254039063,104,4136,nan
2824,252028141,113,4125,2825,255063459,109,4107,nan
2829,252104118,103,4110,2832,252002146,116,4110,nan
2833,256167163,110,4111,2834,252006252,103,4110,nan
2836,255064172,110,5227,2837,251117184,107,4125,nan
2839,251050099,106,4125,2840,256055326,114,4110,nan
2842,251047123,110,5227,2843,257050023,108,4110,nan
2844,254036181,108,4110,2846,257052213,104,5210,nan
2847,255037110,113,4125,2848,251040097,110,4111,nan
2849,255053235,116,4111,2852,252017200,115,411G,nan
2855,256146174,114,4110,2858,254059020,113,4117,nan
2860,251019210,108,4110,2861,252100119,109,4101,nan
2862,251044339,105,4111,2863,252059071,104,4112,nan
2864,255023662,114,4110,2866,257006144,106,4125,nan
2867,251005024,113,4125,2868,252013513,116,4111,nan
2869,252090090,102,4125,2870,257042086,104,4136,nan
2873,255065106,106,4170,2876,255030644,104,4112,nan
2877,251046278,117,4181,2878,253022548,114,4110,nan
2879,252077175,109,4101,2881,257016293,108,4110,nan
2883,251004076,108,4110,2886,252100149,104,4112,nan
2887,256069440,105,4111,2888,256159260,106,4125,nan
2889,255030534,108,4110,2891,252099095,104,4136,nan
2892,257020262,113,4125,2895,252028024,108,4110,nan
2896,251054157,104,4136,2897,251130051,109,4107,nan
2898,251110699,111,412J,2899,257043317,104,4136,nan
2900,254012384,104,4136,2901,255007458,106,4185,nan
2902,252020146,114,4110,2905,252016502,104,4136,nan
2906,252100276,104,4193,2907,251045245,110,4117,nan
2908,251113008,109,4101,2909,254011196,109,4202,nan
2910,252104374,104,4136,2911,253003585,109,4202,nan
2913,256055091,108,4110,2914,251145412,102,4128,nan
2917,251117394,102,4109,2918,251004342,108,4110,nan
2923,252008219,103,4110,2924,251050618,110,5227,nan
2925,257016153,109,4101,2927,252011141,104,4136,nan
2928,252092136,109,4101,2931,251006210,106,4170,nan
2933,252071162,117,4181,2936,252103369,116,4111,nan
2938,251131009,102,4128,2940,251021232,109,4202,nan
2941,255030206,106,4125,2942,251048003,114,4110,nan
2944,251110194,102,412I,2946,252069281,106,4125,nan
2948,251021440,109,4202,2949,252093174,102,4109,nan
2950,251048233,110,5227,2951,252105265,104,4136,nan
2952,254016156,109,4202,2954,254037122,114,4110,nan
2956,251110331,106,4125,2958,251145058,110,4101,nan
2959,251119001,106,4125,2960,251051020,110,5227,nan
2962,257031198,113,4125,2964,251051182,115,411G,nan
2966,251137053,109,4202,2967,253041125,117,4181,nan
2968,252098056,102,4125,2971,251109413,102,4109,nan
2976,257015029,114,4110,2977,251042102,114,4110,nan
2978,254034165,116,4111,2983,251113026,103,4110,nan
2984,256052204,101,4110,2985,252033019,117,4124,nan
2987,252097103,116,4110,2989,251047156,110,4101,nan
2991,252068399,103,4110,2992,251061101,114,4110,nan
2993,256112142,116,4111,2994,252101121,113,4125,nan
2995,251048002,116,4111,2996,256074096,106,4170,nan
2999,255040105,104,5210,3000,256010030,114,4110,nan
3001,256097124,110,4117,3003,251141357,102,4128,nan
3004,251044105,110,4101,3005,252023178,103,4110,nan
3006,251042386,110,5227,3008,255005434,101,4110,nan
3009,252080235,102,4128,3011,257004219,104,4136,nan
3012,251043060,102,412I,3013,252039063,116,4111,nan
3014,252034049,109,4202,3016,255034035,106,4125,nan
3017,251110067,117,4124,3018,252032164,113,4125,nan
3020,251061083,110,5227,3021,253031173,112,4110,nan
3022,251071094,110,4101,3024,251049163,102,4109,nan
3025,256166898,110,4107,3026,252104242,104,4136,nan
3027,252100100,104,4136,3029,256096015,106,4125,nan
3030,251108072,104,4136,3032,252047093,113,4125,nan
3033,255039090,116,4111,3034,252104379,102,4128,nan
3035,252050197,111,412J,3036,255023553,114,4110,nan
3037,254014250,114,4110,3040,252010235,104,4136,nan
3041,252029103,104,4192,3042,251120269,107,4118,nan
3043,252022069,112,4110,3044,251146044,110,5227,nan
3045,251070121,105,4111,3047,255059091,112,4110,nan
3048,252024048,114,4110,3049,251008038,108,4188,nan
3051,251111033,102,4109,3052,256051339,106,4170,nan
3054,255069041,106,4125,3055,251044146,104,4136,nan
3058,255009014,114,4110,3059,252048395,112,4110,nan
3063,255064151,110,4107,3064,252011112,102,4128,nan
3065,251040024,111,4111,3067,251049278,110,5227,nan
3069,251118449,106,4170,3070,252031200,115,411G,nan
3071,256146337,101,4110,3076,251054040,110,5227,nan
3077,251042041,113,4114,3078,251009124,106,4125,nan
3079,252093281,102,4109,3081,251110617,111,4111,nan
3082,252102062,104,4136,3083,251028097,112,4110,nan
3086,257026479,115,411G,3087,257017303,103,4110,nan
3088,252021203,109,4202,3089,254029046,109,4202,nan
3090,252080215,102,4109,3092,256139037,115,411G,nan
3093,256069214,116,4111,3094,251108381,110,4107,nan
3095,257016246,103,4110,3096,257008182,103,4110,nan
3097,251110723,109,4101,3098,255042070,109,4107,nan
3100,257017276,103,4110,3104,251048220,105,4110,nan
3105,256062037,116,4111,3106,254038120,112,4110,nan
3107,256148032,107,4125,3108,251024132,115,4124,nan
3110,252104410,113,4125,3112,251142674,102,4128,nan
3113,257045236,113,4125,3114,257006291,102,5217,nan
3115,252103361,104,5210,3116,252015278,102,5217,nan
3117,251142271,110,4107,3119,257019121,112,4110,nan
3120,252095024,106,4125,3121,251113168,102,4109,nan
3122,257032200,103,4110,3123,257022044,103,4110,nan
3124,256157063,115,411G,3125,256061156,116,4110,nan
3126,251143406,102,4117,3127,252094144,116,4111,nan
3128,252018257,104,5210,3130,252098253,102,4109,nan
3131,255021527,112,4110,3133,251052149,102,4201,nan
3134,251039105,105,4110,3139,251151081,116,4111,nan
3140,252046141,109,4202,3141,257039065,116,4111,nan
3142,251043055,105,4111,3143,251132079,102,410U,nan
3145,255063300,114,4110,3146,255013235,106,4125,nan
3147,252005304,104,4105,3148,256165521,107,4118,nan
3149,251023232,113,4125,3150,252103199,102,4128,nan
3154,252102133,116,4111,3155,251015193,109,4202,nan
3156,256011069,114,4110,3157,251147154,102,4109,nan
3161,252006279,115,411G,3162,251142231,102,4128,nan
3165,251051205,110,4107,3166,252093256,109,4202,nan
3167,251111190,102,4128,3169,254041005,116,4111,nan
3172,256137077,101,4110,3173,257031147,114,4110,nan
3176,257020140,104,5210,3177,252105033,116,4111,nan
3178,255012050,106,4125,3179,252103189,116,4111,nan
3181,252024070,104,4136,3182,251049131,109,4111,nan
3184,252105074,116,4111,3185,252006321,115,411G,nan
3186,252097170,115,411G,3191,252082015,115,411G,nan
3192,256162058,101,4110,3194,256164177,106,4185,nan
3195,251108079,116,4111,3197,251110093,114,4110,nan
3199,256024134,101,4110,3200,252096322,115,411G,nan
3202,256035113,112,4110,3203,252013136,104,5210,nan
3204,251109269,102,4109,3205,252090050,109,4101,nan
3206,254030354,109,4107,3208,255067060,107,4118,nan
3210,256071193,110,4107,3211,251071095,110,4101,nan
3212,254054040,116,4111,3213,251120227,106,4125,nan
3214,252005280,116,4111,3216,252007103,115,411G,nan
3218,254002385,116,4111,3219,251143088,109,4203,nan
3221,257016548,103,4181,3222,257055062,114,4110,nan
3223,252053185,104,4136,3224,251145061,105,4111,nan
3226,251023152,112,4110,3228,252076044,102,4109,nan
3229,255041048,106,4115,3230,251007720,106,4170,nan
3232,256132155,107,4118,3233,256087293,110,4107,nan
3234,251050467,113,4125,3235,257020143,117,4181,nan
3238,252064473,112,4110,3239,252101359,104,4193,nan
3242,251022383,111,4111,3243,252104158,113,4125,nan
3244,257019165,104,4109,3245,257026031,115,411G,nan
3246,256170549,117,4124,3247,251111071,115,411G,nan
3248,251112036,102,4128,3250,256114190,110,4117,nan
3252,256108053,110,4107,3253,251117566,110,4107,nan
3254,251108297,102,4109,3255,252098131,109,4204,nan
3256,251054101,110,412V,3257,256170513,107,4118,nan
3258,256062171,107,4118,3261,256060212,116,4111,nan
3263,253025170,108,4188,3264,256169131,105,4111,nan
3266,252024166,104,4193,3268,251050672,110,4214,nan
3270,256070220,110,4107,3271,251045164,110,5227,nan
3272,256043152,107,4118,3274,251042144,102,5217,nan
3275,251110155,106,4125,3276,257026519,115,4124,nan
3277,251041101,101,4110,3279,257027235,104,4109,nan
3280,257016185,113,4114,3282,254024199,104,5210,nan
3284,255068006,106,4125,3285,257026185,114,4110,nan
3286,257026151,113,4125,3289,255017163,105,4111,nan
3290,256055162,112,4110,3292,256024206,114,4110,nan
3293,255055288,116,4111,3294,251054163,101,4110,nan
3298,252098215,101,4110,3299,256087120,109,4101,nan
3302,251004277,113,4125,3305,255013106,116,4111,nan
3306,255059076,112,4110,3307,252060209,102,4109,nan
3308,255009023,101,4110,3310,254034189,109,4202,nan
3311,251137310,102,4109,3312,254047198,112,4110,nan
3314,251046038,104,5210,3315,255069146,116,4111,nan
3318,252063248,104,4193,3321,253003594,113,4198,nan
3322,256167007,109,4101,3324,255064347,106,4125,nan
3326,256125271,112,4110,3327,251113100,106,4125,nan
3328,256035223,115,411G,3329,256101061,106,4125,nan
3330,256028106,110,4107,3332,252015051,107,4117,nan
3340,257006465,104,4193,3341,254036228,110,4107,nan
3346,251043079,110,4107,3348,257028020,114,4110,nan
3349,251110370,106,4125,3350,251050409,109,4111,nan
3351,253018384,114,4110,3353,257026066,105,4111,nan
3354,256071054,110,4107,3355,256049060,110,5227,nan
3356,252015033,104,4109,3359,257007012,113,4114,nan
3360,256158115,107,4117,3361,256129257,113,4117,nan
3367,252103149,109,4101,3371,252019328,116,4110,nan
3372,251110800,110,4204,3375,257030196,104,4109,nan
3376,251044345,106,4125,3377,255063455,112,4110,nan
3380,256097209,110,5227,3383,251108486,102,4128,nan
3384,255006203,103,4181,3387,251110273,102,4128,nan
3388,251108398,113,4125,3389,256069156,106,4125,nan
3390,251109449,102,4109,3391,256104052,101,4110,nan
3393,255037209,116,4111,3394,256071132,108,4188,nan
3395,251145296,115,4124,3397,257026203,104,5210,nan
3400,254004124,116,4111,3401,255029254,108,4188,nan
3402,255063400,102,4128,3405,255067010,109,4107,nan
3406,251110784,102,4109,3408,256055380,116,4110,nan
3409,251015001,114,4110,3410,251141442,106,4125,nan
3412,257004044,116,4110,3414,257054155,113,4125,nan
3419,252101201,104,5210,3421,252018004,106,4125,nan
3422,255026104,116,4111,3423,256048059,101,4110,nan
3424,257020331,115,411G,3426,252008120,104,5210,nan
3427,256098110,110,4107,3428,252061157,113,4107,nan
3429,254029437,102,4109,3430,255026092,116,4111,nan
3432,251017123,102,4206,3434,255063420,106,4125,nan
3435,257001340,114,4110,3436,251050190,102,4117,nan
3437,255067044,109,4203,3438,252064049,102,4109,nan
3440,256098150,107,4125,3441,252005235,114,4110,nan
3442,255066274,106,4125,3444,251004253,109,4107,nan
3447,251019193,113,4114,3448,255043170,115,4124,nan
3449,256110018,110,4107,3452,256167159,116,4111,nan
3453,254003085,110,4107,3454,252016131,104,5210,nan
3455,257041118,109,4204,3456,256168264,114,4110,nan
3458,257026409,104,4193,3459,252093054,102,4128,nan
3464,251050720,106,4125,3467,252089122,113,4125,nan
3468,252004289,104,4193,3469,252035239,113,4125,nan
3470,252104164,104,4193,3471,255064100,106,4125,nan
3474,251112085,105,4111,3475,256164214,110,4107,nan
3478,251007641,115,4124,3480,252016313,113,4125,nan
3481,252072175,103,4181,3484,252100212,116,4111,nan
3485,256095208,110,4107,3486,252099326,113,4125,nan
3490,256161131,112,4188,3492,252103024,115,411G,nan
3493,252013102,116,4111,3495,257020396,116,4111,nan
3496,251071504,116,4111,3498,252051197,102,4128,nan
3499,256155007,105,4111,3500,255027315,115,411G,nan
3501,254064263,109,4111,3502,256165041,101,4110,nan
3504,251044157,116,4111,3505,251048128,109,4101,nan
3507,252097149,102,4109,3508,252020095,109,4107,nan
3509,251007339,108,4188,3511,252098233,102,4109,nan
3512,251115012,110,4107,3514,251052117,112,5A05,nan
3515,257033088,104,4109,3517,256095524,110,4107,nan
3521,254002369,102,4128,3527,252100022,104,4193,nan
3528,257049079,108,4188,3531,252020218,104,4192,nan
3533,251110195,106,4125,3535,256071287,110,4107,nan
3536,251142247,106,4125,3537,251021284,116,4111,nan
3539,257013197,104,4109,3540,256057358,106,4125,nan
3543,252081435,109,4107,3546,257014075,113,4125,nan
3550,251142328,109,4101,3552,251146242,110,412V,nan
3553,256072096,111,4111,3555,251042264,110,4204,nan
3557,255058341,106,4170,3559,252039181,109,4103,nan
3560,252101231,105,4111,3562,252099077,109,4107,nan
3564,251108416,114,4110,3565,251031010,108,4188,nan
3567,257026180,113,4125,3569,252105160,104,4109,nan
3571,257022210,104,4193,3572,252053250,104,4109,nan
3574,256147008,105,4111,3577,252035258,114,4110,nan
3578,251109265,105,4111,3583,256051465,101,4110,nan
3584,256023078,107,4111,3585,252046018,114,4110,nan
3586,251109192,110,4107,3587,251050514,107,4117,nan
3588,257018102,111,4111,3589,251119048,109,4107,nan
3591,251108069,107,4117,3594,256029103,106,4115,nan
3595,251115004,102,4109,3598,255023221,106,4125,nan
3599,251046129,106,4125,3601,251004115,104,4105,nan
3605,251054002,110,412V,3609,251111285,113,4117,nan
3612,257044127,103,4181,3614,257026128,113,4125,nan
3616,257014515,103,4181,3617,255028011,116,4110,nan
3622,251145302,110,4107,3623,257039444,114,4124,nan
3624,254060145,105,4111,3629,252104360,113,4125,nan
3630,251142338,110,4107,3631,252064435,113,4107,nan
3632,257034449,113,4125,3634,257005032,105,4111,nan
3636,257028220,104,4109,3639,252059272,116,4110,nan
3640,257016233,104,4109,3641,253012080,106,4125,nan
3642,251145013,106,4125,3645,252001217,104,4198,nan
3646,251136066,111,4111,3647,256145112,102,4128,nan
3649,254015225,105,4111,3651,257026480,113,4125,nan
3652,256149035,105,4111,3653,251007135,109,4107,nan
3655,257018192,107,4125,3656,252049052,106,4170,nan
3659,257021132,105,4111,3660,252079399,104,4109,nan
3661,251050293,109,4101,3664,255038173,106,4125,nan
3665,256054090,114,4124,3666,252004144,102,4128,nan
3669,254002003,113,4125,3671,252015259,109,4101,nan
3672,251057132,106,4125,3673,251124163,105,4111,nan
3675,251148022,105,4111,3679,257016244,109,4111,nan
3681,255039079,106,4202,3682,251141169,105,4111,nan
3683,256159276,110,4107,3684,254042278,102,4109,nan
3685,251024160,113,4125,3687,257018259,103,4181,nan
3689,257021104,115,4124,3690,251046095,103,4181,nan
3692,254005158,111,4111,3693,254011105,113,4125,nan
3694,252004417,114,4124,3695,254004052,110,4107,nan
3696,256198225,116,4110,3697,251057049,111,4111,nan
3698,252034126,102,4109,3700,257024030,115,4124,nan
3702,257043130,113,4125,3703,255030512,105,4111,nan
3704,254003077,113,4125,3705,254011657,102,4125,nan
3706,254003061,113,4117,3708,257040080,109,4101,nan
3711,257043039,102,4109,3712,254043038,115,4124,nan
3713,251042058,110,412V,3718,251021134,111,4110,nan
3719,252101213,109,4202,3720,252016241,115,4124,nan
3723,252099125,105,4111,3724,251110597,102,4109,nan
3726,251045012,113,4117,3728,251022218,102,4125,nan
3732,252098130,109,4107,3733,252062090,102,4109,nan
3734,257017078,103,4181,3736,252018021,104,4193,nan
3737,251005138,102,4128,3738,252045142,104,4109,nan
3740,251018134,109,4101,3742,255061071,106,4125,nan
3743,251115093,108,4188,3744,252046194,102,4202,nan
3745,253003299,102,4109,3747,252002150,113,4125,nan
3749,254036064,116,4110,3752,255027399,116,4110,nan
3753,257026390,113,4114,3754,252060197,106,4208,nan
3756,256039279,109,4111,3757,255028054,114,4124,nan
3758,255031051,102,4109,3759,254030266,109,4107,nan
3760,257023082,115,4124,3762,251071593,111,4111,nan
3763,251058093,109,4101,3764,256107005,106,4125,nan
3765,254003046,113,4125,3767,252101076,109,4107,nan
3768,251045120,110,4107,3773,257032129,113,4125,nan
3774,251147043,113,4125,3775,252064418,104,4109,nan
3776,252013006,109,4107,3778,251044232,107,410T,nan
3779,254051170,104,4109,3781,252033112,111,4111,nan
3782,252006329,113,4125,3783,256057075,107,4125,nan
3784,257027402,116,4110,3785,252100035,101,4110,nan
3788,252013454,108,4188,3790,257019087,112,4188,nan
3792,251003010,102,4128,3794,251044067,107,4111,nan
3796,252025017,115,4124,3797,251042437,106,4115,nan
3800,253049190,106,4170,3801,251044301,112,4188,nan
3803,251048218,113,4125,3804,251047115,110,4204,nan
3805,257040403,109,4101,3806,252077079,106,4125,nan
3808,252058001,113,4125,3809,254046017,102,4109,nan
3811,251022370,106,4125,3813,252016183,108,4188,nan
3814,256169194,115,4124,3815,252018232,113,4125,nan
3816,252105177,103,4181,3817,257025123,115,4124,nan
3819,251042085,107,4117,3820,257024211,115,4110,nan
3822,256131081,112,4188,3826,257026315,115,4124,nan
3827,251043085,115,4124,3829,252100346,115,4124,nan
3830,256159232,106,4101,3831,257020240,117,4124,nan
3832,257016152,103,4181,3834,257018011,110,4107,nan
3835,253049147,106,4170,3837,255037093,109,4107,nan
3838,257020282,113,4125,3839,252019026,104,4109,nan
3840,251137108,102,4128,3841,251051004,102,4128,nan
3844,252038071,113,4125,3845,251137143,107,4125,nan
3846,252017167,111,4111,3847,255058162,114,4124,nan
3849,252067147,117,4124,3852,251144043,106,4125,nan
3853,252103329,106,4202,3854,254060039,112,4124,nan
3855,257020120,115,4124,3857,255038038,109,4107,nan
3858,251018225,111,4111,3859,254007151,114,4124,nan
3860,256169101,105,4110,3861,251130034,109,4203,nan
3862,252105048,112,4188,3863,257020382,101,4110,nan
3864,257033074,102,4128,3868,256160264,103,4181,nan
3871,252053037,104,4109,3873,252063022,101,4114,nan
3874,255017444,113,4114,3875,257016614,105,4110,nan
3876,252032168,113,5608,3878,256074150,109,4111,nan
3879,252100321,106,4125,3881,257016666,103,4181,nan
3882,252016098,110,412V,3884,252002106,109,4111,nan
3885,252016312,102,4128,3886,252003206,109,4107,nan
3887,252099253,101,4110,3889,251030020,106,4170,nan
3890,255051249,114,4114,3893,257016130,102,4109,nan
3897,251103016,113,4125,3898,251071119,103,4181,nan
3900,251109468,102,410U,3909,251053024,114,4124,nan
3910,252082235,108,4188,3912,254058152,108,4188,nan
3914,255037099,109,4107,3915,252105139,102,4128,nan
3916,257018191,103,4181,3918,252082031,104,4192,nan
3920,257015079,105,4110,3922,257015151,105,4110,nan
3924,252049102,106,4125,3928,254044155,103,4181,nan
3929,252105377,104,4109,3930,253026122,109,4107,nan
3931,251048143,111,4111,3933,252004209,112,5A05,nan
3934,254039055,106,4125,3936,256198157,106,4101,nan
3940,255055050,115,4111,3941,256146263,102,4109,nan
3942,252104252,109,4107,3945,252021030,103,411F,nan
3948,251109474,102,4125,3950,257020370,106,4125,nan
3953,254027226,106,4170,3954,251110317,115,4124,nan
3955,252016681,106,4125,3956,257016608,104,4109,nan
3959,251022278,108,4188,3960,254014168,109,4203,nan
3963,252031425,109,4107,3964,256164268,106,4170,nan
3966,257045240,109,4207,3967,251110257,102,4125,nan
3969,251108218,102,4125,3970,255041088,114,4124,nan
3972,256114301,102,4109,3974,251111308,102,410U,nan
3976,254050007,114,4124,3978,251092075,108,4188,nan
3979,252006389,102,4109,3980,252092424,102,4109,nan
3982,252098136,109,4107,3984,252070176,117,4125,nan
3985,256095157,110,412V,3987,255063174,106,4170,nan
3988,252016467,113,4114,3990,252100240,109,4107,nan
3991,256151051,101,4110,3992,255027142,104,4109,nan
4001,252020231,112,4188,4002,251142455,102,4109,nan
4003,256102083,110,412V,4004,254034339,102,4128,nan
4005,254050095,102,4109,4008,252098149,106,4101,nan
4010,257049295,114,4124,4011,251007612,117,4125,nan
4014,254011345,108,4188,4015,252099014,102,4109,nan
4016,255055423,106,4125,4017,255019061,114,4124,nan
4018,251024067,109,4111,4022,251059018,103,411F,nan
4025,251125435,106,4208,4028,254032125,109,4204,nan
4029,252013442,109,4111,4031,256043167,106,4115,nan
4032,254039164,113,4107,4033,255067386,110,412V,nan
4035,256060110,110,412U,4037,254015036,101,4110,nan
4038,251015114,108,4188,4043,251110764,106,4101,nan
4044,252038398,102,4109,4045,251004128,107,4125,nan
4047,254011363,109,4107,4049,251092029,101,4110,nan
4051,251033019,109,4107,4053,252030185,109,4111,nan
4054,252006441,103,411F,4058,257013208,110,4107,nan
4061,252057133,106,4170,4062,251110381,102,4128,nan
4063,254005016,111,412J,4065,252081098,109,4111,nan
4066,251007282,109,4107,4068,257016438,103,411F,nan
4070,251015092,108,4188,4071,256149173,107,410T,nan
4072,255010087,117,4125,4074,252102240,104,4125,nan
4075,251110717,107,4125,4079,252010143,106,4170,nan
4082,256160075,101,4110,4086,251008025,106,4170,nan
4087,251004312,102,4198,4089,251109294,102,4125,nan
4091,255065048,104,4109,4092,252038377,102,4109,nan
4094,252079376,109,4203,4095,252031198,102,4109,nan
4096,255067115,106,4101,4097,251052175,110,411N,nan
4099,251009083,117,4125,4101,256096275,109,4111,nan
4103,251057114,110,412V,4104,255023056,117,4125,nan
4106,251014161,104,4109,4109,252008213,104,4109,nan
4110,251004230,108,4188,4111,255038047,110,4107,nan
4112,252100179,113,4117,4116,256116190,110,4107,nan
4117,252016262,112,4188,4118,251053096,107,4117,nan
4119,252065120,102,4128,4123,255044094,114,4124,nan
4125,251142244,115,4111,4126,257049117,104,4109,nan
4128,251148061,102,4128,4130,254001262,109,4107,nan
4131,252064467,109,4107,4133,256071015,101,4110,nan
4136,253003525,107,410A,4137,251143118,114,4124,nan
4138,257039091,109,4204,4142,251045015,109,4111,nan
4143,257016728,115,4111,4145,254006014,106,4202,nan
4147,252025215,106,4170,4150,251054065,108,4188,nan
4151,251070200,114,4114,4152,257019143,106,4170,nan
4153,257021001,104,4109,4158,251046064,117,4125,nan
4161,256157103,114,4124,4162,257001171,101,4110,nan
4163,252048034,102,4109,4167,256069413,110,411N,nan
4171,251026092,109,4107,4172,252104050,104,4109,nan
4174,256159390,101,4124,4177,252002167,104,4109,nan
4180,251068158,104,4109,4181,256140062,111,4110,nan
4184,251123178,107,4125,4188,251070190,111,412J,nan
4189,254040120,121,4110,4191,252081165,112,4188,nan
4192,252064480,112,4188,4193,255068136,117,4125,nan
4194,251111214,109,4107,4196,251070166,113,4117,nan
4197,256159339,107,4125,4198,251143537,102,4125,nan
4200,252027441,113,4117,4201,251146288,108,4188,nan
4202,254025080,112,4188,4203,251047372,117,4125,nan
4204,252019191,106,4101,4208,251015158,108,4188,nan
4209,252051086,113,4114,4210,251007648,102,4109,nan
4212,251101142,108,4188,4213,252065262,104,4109,nan
4216,254040315,104,4109,4218,251048071,107,4125,nan
4219,255026169,117,4125,4221,251009012,103,411F,nan
4224,255027203,106,4101,4225,255064564,106,4101,nan
4226,257031204,106,4170,4227,252100148,103,411F,nan
4228,257051115,104,4109,4229,253031246,113,4107,nan
4232,252073363,113,4107,4234,256071210,104,4109,nan
4235,256089145,117,4125,4236,257034187,102,4109,nan
4239,254026225,109,4107,4241,256125050,112,4188,nan
4245,251047366,112,4188,4246,256068058,113,4107,nan
4249,251056055,107,4111,4250,252098069,102,4109,nan
4252,256044060,109,4107,4256,251108296,119,4110,nan
4257,255029066,106,4170,4258,251045207,107,4117,nan
4260,251004061,107,4125,4262,257021114,112,4188,nan
4264,252032178,102,4125,4266,256004276,121,4110,nan
4269,257041048,114,4124,4270,252101329,104,4109,nan
4271,252082022,105,4124,4272,252099223,112,4188,nan
4273,251017017,117,4125,4274,252096134,103,411F,nan
4275,256148047,106,4208,4277,252046059,103,411F,nan
4279,252099351,104,4109,4280,257014436,109,4107,nan
4283,257024072,117,4125,4284,251123062,117,4125,nan
4285,252020071,103,411F,4287,252099261,111,412J,nan
4288,252007264,113,4198,4289,257041126,117,4107,nan
4290,257021091,115,4111,4292,253003328,117,4125,nan
4293,252059017,104,4109,4294,256125139,107,4117,nan
4295,256189140,107,4111,4297,251023227,112,5408,nan
4298,252019149,112,4188,4299,252101036,113,4107,nan
4302,257017008,104,4109,4304,251145178,102,4128,nan
4305,257049389,117,4125,4308,252104204,102,4202,nan
4312,251040047,112,4188,4314,252069102,106,4170,nan
4323,257043449,112,5A05,4325,253004044,106,4170,nan
4328,252100283,107,4125,4329,252102353,106,4170,nan
4330,256102035,107,4125,4331,251044368,111,412J,nan
4332,256146127,121,4110,4335,252080040,114,4124,nan
4338,253049141,113,4107,4339,252101297,117,4125,nan
4340,252092024,113,4198,4342,256126073,121,4110,nan
4343,251113010,111,412J,4345,252034135,102,4128,nan
4351,251061103,102,4117,4354,252012196,104,4125,nan
4356,251143544,110,4109,4357,257022183,113,4107,nan
4360,253010117,112,4124,4361,255030557,109,4109,nan
4362,251040005,110,412V,4365,251050497,102,4125,nan
4366,254004181,110,412V,4367,256109495,110,4117,nan
4368,257052219,113,4107,4369,256095176,110,4127,nan
4370,253003107,113,4198,4377,256071269,102,4125,nan
4378,257003033,113,5606,4379,252010304,106,4107,nan
4381,256101005,117,4125,4383,251047248,107,4125,nan
4385,257018024,102,410U,4386,252031384,110,4109,nan
4391,257037004,113,4107,4392,252079144,108,4113,nan
4393,255029438,107,4125,4397,255037104,107,4125,nan
4398,251143678,107,4117,4399,251047279,113,5608,nan
4400,252096163,107,4125,4402,251054142,110,412U,nan
4406,251061066,112,5414,4408,251042088,110,4109,nan
4409,251006093,111,4125,4411,251042398,113,4117,nan
4413,252079265,117,4125,4416,255013283,107,4125,nan
4417,252092182,113,4107,4418,254018214,113,4107,nan
4419,251141129,110,411N,4420,251049089,121,4110,nan
4424,252092020,113,4117,4425,256096114,106,4101,nan
4429,251024027,112,4124,4430,252038259,113,4107,nan
4431,251110468,110,4109,4432,251058003,107,4107,nan
4434,255036045,102,410U,4439,252102341,104,4105,nan
4440,254051194,113,4107,4443,255041066,107,4125,nan
4445,256161450,106,4115,4447,256157118,106,4101,nan
4449,256096150,102,410U,4450,253035194,106,4107,nan
4453,254020242,113,5608,4456,256055281,106,4107,nan
4457,252020308,104,4117,4458,256170688,121,4110,nan
4459,257032065,117,4125,4460,251048086,102,4125,nan
4462,252053128,118,4110,4463,255010013,114,4114,nan
4464,252049150,104,4105,4465,251050306,113,4198,nan
4466,251052147,116,4124,4468,251111016,113,4117,nan
4469,255023259,106,4107,4471,252017179,110,4109,nan
4472,252027044,107,4117,4480,252027357,110,4127,nan
4481,252099010,102,410U,4485,255064170,117,4125,nan
4486,252099284,116,4124,4487,257023437,113,4117,nan
4488,255064230,109,4109,4489,252013300,113,5602,nan
4490,253021415,112,4124,4495,255013202,112,4124,nan
4497,252056221,108,4113,4501,251111079,113,4107,nan
4504,252005273,108,4113,4506,252099024,117,4125,nan
4507,257016598,115,4111,4508,252098208,113,4117,nan
4509,257045127,121,4110,4510,257039279,113,4136,nan
4511,256150024,101,4124,4512,251047135,113,4107,nan
4513,251131168,106,4115,4514,256170736,101,4124,nan
4521,255027136,113,4107,4522,251110706,105,4125,nan
4523,255017277,110,4127,4526,251009132,119,4110,nan
4528,251003021,117,4125,4529,251007476,112,4124,nan
4530,252061106,120,4110,4531,251071365,106,4107,nan
4533,252102367,112,4124,4535,251051235,110,4101,nan
4538,252081293,114,4114,4539,256170630,111,4110,nan
4540,251056047,106,4208,4541,255063312,106,4101,nan
4542,256168052,112,4124,4544,257026398,113,4117,nan
4550,252086211,106,4101,4553,251047032,106,4101,nan
4555,257018005,108,4113,4556,254011382,111,4110,nan
4559,251145335,108,4113,4560,257017060,112,4124,nan
4561,256146019,121,4110,4563,254001122,106,4208,nan
4564,251040101,110,412U,4567,256142089,106,4101,nan
4572,251146125,113,4107,4574,255064098,113,4107,nan
4575,252099165,106,4101,4576,257016051,101,4124,nan
4578,257015212,109,4204,4579,254045013,113,4107,nan
4581,257022042,113,5606,4583,257016317,113,4107,nan
4584,255018216,113,4107,4586,254018217,106,4202,nan
4587,256103033,113,4107,4588,257018284,104,4105,nan
4589,256127018,106,4115,4592,252099191,106,4107,nan
4593,252098109,103,411E,4594,252102056,113,4107,nan
4595,256071142,105,4125,4600,252092036,104,4125,nan
4605,252027262,102,4125,4607,253003098,101,4124,nan
4608,255063537,106,4107,4609,256099034,106,4101,nan
4610,252044167,106,4107,4614,255065292,113,5608,nan
4615,256146421,101,4114,4616,251123055,102,410U,nan
4618,251109074,117,4125,4619,251007629,106,4115,nan
4620,256130112,111,412J,4621,251009172,106,4107,nan
4622,252104287,117,4125,4626,256095592,110,411N,nan
4628,255037032,109,4204,4629,254014195,106,4101,nan
4631,252077056,117,4125,4632,251117509,117,4125,nan
4635,251033041,117,4117,4636,252103084,113,5606,nan
4637,251053076,110,4101,4640,257032184,113,4107,nan
4641,255039100,114,4114,4642,257032057,119,4110,nan
4645,251143410,110,411N,4646,251138029,106,4101,nan
4647,251008056,114,4114,4648,257018214,121,4110,nan
4652,251111264,111,412J,4653,256159317,105,4125,nan
4656,255027003,104,4105,4657,251050564,106,4107,nan
4658,255066025,104,4105,4661,255063171,104,412[,nan
4662,254032042,113,4107,4665,255047192,106,4115,nan
4668,255009082,106,4115,4669,252018214,104,4105,nan
4670,257028044,102,410U,4671,251046097,117,4125,nan
4672,251118014,106,4202,4677,252105397,104,4125,nan
4678,256042359,106,4107,4679,253037047,112,5414,nan
4683,251141491,102,4125,4684,256136025,114,4114,nan
4686,257028035,107,4117,4689,251048168,106,4107,nan
4690,252058312,115,4111,4693,251147029,102,4125,nan
4696,256071099,102,410U,4697,251016061,110,4109,nan
4699,256050033,114,4114,4701,251006075,111,4125,nan
4704,251009036,122,4110,4708,257039118,101,4124,nan
4712,256165435,107,410A,4715,256096206,110,4127,nan
4716,257017264,117,4125,4721,253022660,106,4111,nan
4723,251091412,110,4127,4726,254005194,113,4107,nan
4727,257027483,113,4198,4729,255023373,109,4109,nan
4730,252017281,104,4105,4731,251040006,117,4125,nan
4732,254006034,106,4107,4733,256018119,114,4114,nan
4734,256042155,106,4115,4735,254043293,109,4109,nan
4736,251009120,106,4107,4742,251136229,123,4110,nan
4744,256069326,106,4107,4745,257023428,117,4125,nan
4748,251111044,102,410U,4756,257037055,113,4107,nan
4758,251142677,106,4202,4759,257026257,115,413B,nan
4761,251143592,113,4198,4762,252090189,117,4125,nan
4765,252105226,104,4105,4767,252103025,113,4107,nan
4768,251092328,102,410U,4769,256147170,110,4109,nan
4770,251007219,113,5101,4772,252098102,113,4107,nan
4774,252004275,112,4124,4776,251145175,102,410U,nan
4777,251111150,102,410U,4778,251026031,104,4105,nan
4779,252017026,113,4107,4783,257049390,104,4105,nan
4786,254010029,112,4124,4787,251101411,116,4125,nan
4788,256106473,113,4114,4792,257032104,113,4107,nan
4796,256126001,104,4105,4800,252072172,113,4107,nan
4802,251137329,102,4117,4803,257005214,112,4114,nan
4805,257053141,106,4101,4807,255024191,114,4114,nan
4811,257012068,111,4110,4812,252075179,102,4101,nan
4813,257041023,102,4107,4814,251109494,113,4107,nan
4816,254036271,113,4107,4817,252060152,117,4125,nan
4818,257016416,112,4124,4819,251151019,107,4107,nan
4820,257031001,106,4107,4822,257016698,115,4111,nan
4823,252031126,106,4107,4824,254003159,112,4124,nan
4825,251012019,108,4113,4826,257014131,114,4114,nan
4827,252102048,117,4125,4828,256104033,110,4101,nan
4829,255037225,112,4124,4830,252008054,104,4105,nan
4831,256146086,106,4101,4835,251110467,110,4127,nan
4836,251057037,106,4101,4838,253018023,117,4125,nan
4840,253003576,106,4111,4842,256004266,101,4114,nan
4844,251018022,104,4105,4847,252060373,103,411E,nan
4848,254009092,110,4109,4849,251011123,117,4125,nan
4851,255027128,112,4124,4852,251109154,106,4107,nan
4855,251041017,121,4110,4858,251082114,110,4127,nan
4860,251007240,117,4125,4862,251134126,109,4123,nan
4863,256145073,117,4114,4865,257001380,115,413B,nan
4867,251003103,113,4136,4868,255069224,109,4204,nan
4872,251045088,106,4101,4875,252031179,109,4109,nan
4876,257030040,121,4110,4879,256130186,107,4107,nan
4880,251144028,110,4127,4882,255051383,112,4114,nan
4885,253028228,117,4125,4886,251114041,106,4107,nan
4890,254016063,118,4110,4892,252081304,117,4125,nan
4894,254039211,117,4114,4895,251048089,104,4105,nan
4899,252069022,110,4109,4900,251102067,106,4111,nan
4902,254011204,109,4202,4903,251147100,110,5227,nan
4908,256017042,110,4132,4910,251111135,102,4107,nan
4914,251005054,101,4114,4916,257037206,113,4111,nan
4919,251111109,104,4105,4922,254044026,114,4114,nan
4923,252105060,113,5608,4924,252089120,115,4111,nan
4926,252097057,109,4109,4927,252007105,122,4110,nan
4928,251044032,102,4202,4930,255021576,106,4107,nan
4932,257021009,109,4109,4935,252056194,110,4132,nan
4936,256022007,109,4204,4938,256070252,115,4111,nan
4941,256053163,111,4185,4942,255064556,117,4107,nan
4943,254043117,110,4109,4944,254028140,109,4123,nan
4947,257028340,109,4109,4948,255029308,117,4117,nan
4950,256164135,107,4191,4953,252013101,113,5606,nan
4954,256052125,121,4110,4958,252047431,109,4109,nan
4960,252019352,113,4136,4963,254036202,109,4109,nan
4964,251113145,106,4107,4966,256089321,110,4109,nan
4968,251148008,117,4107,4972,252071050,122,4110,nan
4974,252073083,113,4136,4975,251070084,117,4114,nan
4976,256058185,121,4110,4982,252018244,109,4109,nan
4983,252059097,116,4125,4985,251024016,115,4111,nan
4987,257020054,122,4110,4989,251141151,117,4117,nan
4992,252041022,104,4105,4994,257016642,115,4111,nan
4996,253023011,113,4136,4998,255005412,106,4107,nan
4999,257050230,104,4105,5002,251052215,120,4110,nan
5006,256146471,110,4109,5007,251115160,106,4107,nan
5009,255021817,113,4136,5011,256168263,110,4127,nan
5012,256169138,110,4109,5015,252105127,104,4139,nan
5016,251111096,109,4109,5018,252018175,104,4139,nan
5019,251143412,115,4111,5020,252001174,112,5411,nan
5025,256146322,121,4110,5027,256119028,110,4125,nan
5028,251007757,106,4107,5029,256125008,110,4127,nan
5030,252101340,104,4139,5034,251105210,121,4110,nan
5036,256093028,110,4127,5042,255040121,103,411E,nan
5043,252005232,109,4204,5044,252081143,117,4114,nan
5046,254002232,104,4139,5048,256129232,107,4107,nan
5049,255030588,106,4202,5052,255064128,117,4117,nan
5056,257024167,115,4111,5057,256055131,120,4110,nan
5062,256177059,110,4125,5063,255017249,106,4107,nan
5064,257005400,115,4111,5065,254031389,106,4107,nan
5067,251138090,113,4136,5069,254056051,109,4204,nan
5070,251146087,110,411N,5073,257019186,112,5A09,nan
5075,254014200,109,4123,5079,253003569,103,411E,nan
5080,257006046,115,4111,5082,251055098,110,4109,nan
5083,251007360,107,4107,5085,256023059,101,4110,nan
5089,256098116,106,4107,5090,251142302,106,4202,nan
5092,255064456,106,4202,5096,251028025,119,4110,nan
5098,256051557,121,4111,5103,251050546,103,411E,nan
5107,252081157,114,4114,5108,252104276,115,4111,nan
5113,255063192,106,4111,5114,257034073,105,4125,nan
5115,257018065,104,4139,5116,256071006,112,5A09,nan
5117,254029040,109,4109,5118,254055249,108,4113,nan
5119,257023145,122,4110,5120,251146234,117,4107,nan
5121,252058033,104,4139,5122,255025202,117,4107,nan
5123,254050377,117,4107,5124,251143665,106,4122,nan
5128,254003339,109,4123,5129,251139127,117,4107,nan
5134,254009099,104,4139,5136,251044295,103,4111,nan
5137,251110572,104,4139,5138,251071438,110,4109,nan
5140,256193043,111,4185,5142,251023088,106,4107,nan
5143,252042051,109,4109,5144,252071012,106,4202,nan
5145,257049587,114,4114,5146,257018202,115,4111,nan
5149,251141637,110,4127,5152,252018068,115,413B,nan
5153,257032176,106,4107,5154,251004016,113,4111,nan
5155,256169217,101,4114,5158,252020086,109,4109,nan
5160,251108006,106,4107,5162,256166868,106,4111,nan
5163,252011119,114,4114,5164,251001028,117,4117,nan
5166,251071550,108,4113,5167,252067127,104,4125,nan
5169,256050118,118,4110,5170,251060062,107,4107,nan
5171,251042451,109,4109,5172,257005100,117,4107,nan
5173,256022098,101,4114,5174,251022306,104,4139,nan
5175,257002089,114,4114,5178,252102017,104,4125,nan
5181,252021250,113,4136,5182,256125061,117,4114,nan
5183,252083147,113,4111,5184,255050025,106,4107,nan
5185,257035139,106,4107,5186,257045136,109,4123,nan
5187,257017001,115,413B,5192,257050058,112,5411,nan
5193,255010141,106,4107,5194,256042094,110,4125,nan
5199,255065297,109,4125,5200,252013431,104,413A,nan
5206,255065053,101,4114,5207,251108048,102,4201,nan
5208,256071192,110,4132,5212,255059178,106,4107,nan
5213,252083162,117,4107,5216,256069019,120,4110,nan
5217,252012030,110,411N,5219,251061002,110,4127,nan
5220,251115123,106,4122,5221,251116032,110,4109,nan
5222,255030245,106,4107,5224,252007213,119,4110,nan
5226,251102124,105,4125,5227,252011235,113,5608,nan
5228,252100367,119,4110,5231,255064374,114,4114,nan
5235,251110820,109,4204,5236,251109036,105,4117,nan
5237,251122015,106,4122,5243,255032004,112,4114,nan
5244,252010250,109,4109,5245,252049330,104,4139,nan
5246,254039357,109,4109,5247,257037344,113,4109,nan
5248,256043364,117,4114,5250,251002096,110,411N,nan
5251,252092460,107,4107,5253,251091210,117,4107,nan
5255,252042072,117,4114,5257,257020117,122,4110,nan
5258,251004323,106,4111,5260,254040318,109,4109,nan
5261,251141399,110,411N,5262,257039147,115,4111,nan
5263,251042097,117,4114,5265,256089398,114,4114,nan
5266,256148226,112,5A09,5267,253022264,113,4136,nan
5270,251025122,108,4111,5273,251130287,110,4109,nan
5274,257037381,113,4136,5279,255066352,106,4122,nan
5281,257027557,110,4109,5283,253015154,104,4139,nan
5285,251109028,119,4110,5287,257026217,104,4107,nan
5291,251123080,117,4117,5294,257001322,105,4124,nan
5297,252104318,114,4114,5298,256161055,117,4114,nan
5302,257026574,117,4107,5303,256106287,113,4136,nan
5304,253003150,104,4107,5309,254019302,109,4109,nan
5311,252056176,113,5608,5314,256127191,114,4114,nan
5315,256169036,110,4109,5316,251112012,104,412[,nan
5317,252105109,106,4202,5320,257018128,115,4111,nan
5324,256162083,110,4109,5325,252014209,116,4125,nan
5326,254065073,113,4109,5327,253016008,104,4139,nan
5328,252025241,104,4139,5330,256107067,105,4125,nan
5336,252073089,102,4107,5339,254015067,101,4114,nan
5340,252078153,117,4117,5342,252102060,107,4107,nan
5344,256133134,116,4124,5345,256065025,116,4125,nan
5346,256071057,110,4109,5347,252022100,112,4114,nan
5350,254003128,108,4113,5351,252010320,104,4107,nan
5353,255005064,114,4110,5354,254041163,117,4117,nan
5355,252066147,117,4107,5356,257033038,103,4111,nan
5357,251117206,109,4109,5359,251048157,106,4111,nan
5361,256160089,114,4114,5363,251111272,111,4125,nan
5368,257014263,104,4139,5370,251046037,109,4204,nan
5371,251109441,109,4123,5372,257030017,109,4109,nan
5375,252059087,113,4111,5376,251110082,101,4110,nan
5379,257013093,107,4107,5380,252004243,116,4125,nan
5381,253049404,117,4116,5382,252060470,116,4124,nan
5384,252101383,106,4202,5385,251113043,106,4122,nan
5387,252023169,104,4139,5388,255067283,106,4111,nan
5389,257002205,115,4111,5390,257001317,115,4111,nan
5391,256095054,110,4127,5392,251049193,110,4132,nan
5393,256166227,106,4111,5394,251050361,110,4109,nan
5396,252101174,104,4139,5397,252018054,104,4139,nan
5398,255006180,101,4114,5399,256152037,114,4114,nan
5401,251066027,117,4117,5402,251046202,101,4114,nan
5403,251143364,109,4109,5404,255018343,113,4111,nan
5406,251005063,107,4107,5409,252084160,113,4111,nan
5413,252079274,109,4109,5414,251105111,107,4107,nan
5416,257027423,113,4136,5419,251071679,113,4111,nan
5421,254012052,107,4199,5426,251155060,114,4114,nan
5433,255039075,123,4110,5436,252099046,119,4124,nan
5438,256169302,102,4201,5439,252001076,113,4111,nan
5442,251046204,109,4123,5444,252008085,116,4124,nan
5445,251071065,109,4103,5446,251053160,103,4111,nan
5447,255040058,109,4123,5450,251044137,107,4107,nan
5452,251057105,109,4202,5453,252023165,104,4139,nan
5455,251025091,104,4139,5457,257028131,116,4117,nan
5458,253034211,109,4109,5463,252046212,113,4109,nan
5466,252095064,111,4125,5470,251143208,110,4127,nan
5471,252013060,104,4139,5472,257055071,109,4202,nan
5476,251028075,104,4139,5480,254046014,107,4107,nan
5484,255067121,118,4110,5487,254005328,115,4111,nan
5488,252058251,114,4114,5490,252053075,109,4109,nan
5491,252031416,117,4107,5492,251045104,101,4114,nan
5493,256170650,101,4114,5494,251111031,110,4109,nan
5497,252079317,113,4111,5498,252065085,114,4114,nan
5499,251050071,110,4127,5500,257041106,102,4107,nan
5502,252008045,114,4114,5506,257024146,106,4122,nan
5507,254059157,123,4110,5510,252093181,117,4107,nan
5511,252004257,109,4109,5512,251142470,110,4101,nan
5513,252077107,112,4114,5515,254006102,109,4123,nan
5516,257005305,113,4109,5517,256046150,108,4113,nan
5520,251002015,110,4109,5522,252057194,102,4198,nan
5526,251050212,115,413B,5527,256159213,115,413B,nan
5529,254004143,118,4110,5530,255032212,110,4109,nan
5531,256126060,116,4125,5533,257020218,102,4107,nan
5534,251023342,115,4111,5535,253004050,101,4114,nan
5537,255051191,106,4122,5551,257001332,115,4111,nan
5552,251110925,106,4127,5553,256166803,105,4124,nan
5554,256096314,107,4191,5556,251009081,114,4114,nan
5557,256167248,110,4125,5558,257005244,115,4111,nan
5560,251050494,120,4110,5561,253035207,114,4114,nan
5562,252100277,104,4139,5563,251111216,109,4123,nan
5568,257055010,113,5608,5571,257028430,113,4136,nan
5572,252053012,114,4114,5573,252093137,104,4139,nan
5576,252067128,116,4125,5577,252098066,122,4110,nan
5582,252019238,104,4139,5584,256072091,114,4114,nan
5585,254022003,101,4114,5588,252101197,104,4139,nan
5590,251023212,104,412[,5591,251061092,117,4116,nan
5593,257003092,102,4117,5594,252029034,111,4185,nan
5595,257004264,109,4204,5596,252029063,115,4110,nan
5599,251007699,106,4122,5600,254001055,116,4125,nan
5604,252096041,109,4109,5606,251113057,117,4117,nan
5608,252019055,104,4139,5609,256075101,114,4114,nan
5614,251110775,102,4107,5615,255023127,104,4139,nan
5617,251056042,110,4107,5623,251110802,105,4125,nan
5625,252027306,104,4198,5626,251046225,119,4110,nan
5627,254015204,108,4113,5628,256031007,119,4110,nan
5629,251051064,110,4109,5630,257016212,109,4109,nan
5634,252021245,103,411E,5635,257024161,113,4136,nan
5637,251018052,108,4113,5639,256159234,110,4109,nan
5641,251128199,120,4110,5642,251059033,111,4125,nan
5643,257038156,113,4136,5644,256088048,110,4125,nan
5649,251129052,102,4107,5650,251138038,116,4125,nan
5652,252014169,104,4107,5655,251043052,108,4113,nan
5656,255065027,106,4122,5657,257052132,122,4110,nan
5658,254049082,109,4109,5659,256035031,104,413A,nan
5663,257031027,102,4101,5666,255039136,117,4107,nan
5667,251001042,110,4125,5670,257014488,106,4202,nan
5673,254001134,114,4114,5674,251133021,109,4109,nan
5676,254012430,108,4111,5678,252025188,112,4114,nan
5679,251005126,105,413I,5680,251142154,102,4101,nan
5683,256121075,110,4125,5684,251046117,115,4111,nan
5686,256164238,121,4110,5689,251143029,117,4116,nan
5691,256119069,109,4204,5693,254029019,109,4109,nan
5695,251008010,108,4113,5696,252030166,113,4111,nan
5697,251143571,114,4114,5701,257017395,103,411E,nan
5705,257039370,112,4114,5710,255064434,106,4127,nan
5712,251070173,104,413A,5713,251042029,110,4109,nan
5714,252096118,115,4111,5718,251040198,109,4123,nan
5719,255064312,116,4125,5724,255037148,109,4109,nan
5728,251119121,115,4111,5733,255027444,104,4139,nan
5736,253003075,101,4114,5737,256061225,101,4110,nan
5738,255004409,118,4110,5739,251018158,107,4107,nan
5742,256023049,114,4114,5748,255017293,106,4122,nan
5749,255007266,106,4127,5751,251125113,105,4125,nan
5752,257014302,104,4107,5753,255036147,113,5608,nan
5756,251042228,107,4107,5759,257026116,109,4123,nan
5762,257033032,109,4123,5763,251110474,109,4123,nan
5764,251056008,123,4110,5765,256129100,115,4111,nan
5769,254005384,109,4109,5773,255017298,110,4109,nan
5775,256072072,120,4110,5780,251145141,113,4136,nan
5782,254033295,106,4202,5784,255067286,113,4109,nan
5785,251109162,109,4109,5787,252010337,109,4109,nan
5788,251067103,115,4110,5790,254035407,109,4109,nan
5791,255029086,117,4107,5794,251119153,117,4107,nan
5795,253049534,114,4114,5797,252101169,109,4123,nan
5798,254040241,116,4113,5799,252105185,117,4107,nan
5804,257039345,113,4136,5805,252064206,117,4107,nan
5806,252028153,113,4111,5813,251118398,116,4113,nan
5814,255051074,109,4109,5815,252092216,106,4202,nan
5817,257020075,102,4198,5820,254009021,113,4136,nan
5821,256071030,110,4132,5822,251045176,107,4199,nan
5824,253022308,106,4202,5826,253003371,117,4107,nan
5831,254030214,106,4122,5832,257021084,113,4109,nan
5837,251022351,114,4114,5839,252100017,114,4114,nan
5842,256019007,114,4111,5843,251045154,110,4132,nan
5844,251067058,110,4109,5845,255038193,110,4109,nan
5847,252027227,117,4107,5850,256032201,107,4109,nan
5852,251049253,108,4111,5853,251003169,106,4202,nan
5854,256095411,106,4122,5855,252102132,109,4109,nan
5856,257017336,112,4114,5858,257017325,113,4109,nan
5859,252065127,115,4111,5862,257017373,111,4125,nan
5863,252020121,109,4109,5865,257049382,115,4111,nan
5869,251047255,109,4123,5870,254001212,117,4198,nan
5871,251118170,101,4114,5875,251109485,110,4125,nan
5878,251058001,119,4110,5882,254001059,118,4110,nan
5884,254042282,117,4107,5885,256169280,101,4114,nan
5886,255059168,106,4122,5887,251105160,114,4111,nan
5888,251044262,110,412V,5892,257045287,113,4111,nan
5898,251043103,117,4116,5899,252102282,117,4107,nan
5900,256005071,123,4110,5901,256169371,107,4118,nan
5903,251049258,116,4125,5905,254037356,116,4113,nan
5907,251143192,117,4198,5908,251040013,108,4113,nan
5914,252092292,113,4109,5915,256102019,106,4122,nan
5917,252102066,112,4114,5918,256043202,106,4122,nan
5919,251053095,109,4123,5923,256010093,110,4109,nan
5924,256015171,102,4201,5926,257021006,109,4123,nan
5929,251050121,110,4109,5930,251071581,108,4113,nan
5932,257028118,113,4109,5938,251137172,113,5608,nan
5944,251110329,102,4101,5947,253003558,117,4117,nan
5948,252092262,117,4107,5952,251071058,106,4202,nan
5953,257014187,117,4107,5954,254027334,112,4114,nan
5959,251136040,108,4110,5961,251026088,112,4114,nan
5962,254012116,111,4185,5963,251142578,116,4125,nan
5968,254013022,104,4107,5969,251136188,102,4107,nan
5972,255064095,108,4113,5974,255040089,101,4111,nan
5982,256128013,115,411G,5983,251047341,120,4110,nan
5984,251022264,119,4110,5985,251113023,112,4114,nan
5987,256068010,110,4132,5988,257011042,122,4110,nan
5994,251112044,102,4101,5997,252010281,109,4123,nan
6003,251110276,109,4123,6012,251007639,109,4109,nan
6013,257046219,113,4109,6014,254003079,110,4109,nan
6016,257030293,113,4109,6016,254012269,109,4123,nan
6018,254014009,109,4109,6019,251050473,110,4132,nan
6024,257033024,109,4109,6032,256154112,106,4122,nan
6033,252102192,109,4123,6034,251046005,110,5227,nan
6035,254045062,115,4111,6036,251050483,110,4125,nan
6043,251124147,117,4107,6044,252083108,117,4107,nan
6045,251148077,105,4125,6046,257020268,102,4201,nan
6047,251019148,119,4110,6052,257044325,114,4111,nan
6053,252027380,117,4107,6054,254035035,116,4125,nan
6055,257017209,120,4110,6058,257001398,119,4110,nan
6062,252082323,116,4111,6063,252102110,106,4202,nan
6065,257004432,113,4109,6068,255021815,113,4109,nan
6069,251142051,110,4132,6070,256133183,109,4103,nan
6071,257049402,116,4125,6072,257026372,115,4110,nan
6075,257017195,115,4111,6076,255065156,106,4121,nan
6080,256155093,114,4111,6082,251108287,114,4111,nan
6083,251137114,110,4132,6084,256169502,107,4161,nan
6085,251007251,102,4109,6086,256148128,107,4161,nan
6087,252101377,102,4215,6089,252008167,110,4109,nan
6091,252022073,117,4198,6095,256165237,103,411E,nan
6096,251110888,115,4111,6097,257043020,109,4109,nan
6102,251016023,112,4114,6105,254051131,113,4109,nan
6107,254055257,116,4125,6111,257050218,112,5413,nan
6112,252031409,110,4109,6114,251038112,112,4114,nan
6117,252049068,106,4122,6118,252098225,109,4109,nan
6119,252010221,115,4111,6124,256032137,106,4121,nan
6126,255005156,101,4110,6128,252023245,108,4113,nan
6130,251041112,116,4113,6133,252029007,116,4113,nan
6136,251161030,102,4198,6137,254032171,103,411E,nan
6139,251110244,111,4125,6140,251147045,109,4123,nan
6141,254014026,116,4113,6145,252081437,116,4113,nan
6147,252004462,106,4127,6152,257027223,113,4109,nan
6160,252030062,109,4101,6161,252098217,109,4109,nan
6165,256166678,119,4110,6166,251060100,103,411E,nan
6167,251042322,112,4114,6168,254006050,105,4117,nan
6175,252018061,116,4125,6177,251048100,112,4144,nan
6180,257019116,115,4111,6182,251110727,113,4109,nan
6183,251147050,110,4132,6184,254002374,123,4110,nan
6188,251005037,106,4109,6192,254001348,118,4110,nan
6194,251115086,111,4125,6201,252032079,118,4110,nan
6205,252065056,116,4117,6208,251061027,110,4107,nan
6209,253024196,114,4111,6210,257027090,113,4109,nan
6216,251145370,117,4117,6217,257019003,116,4125,nan
6221,255066060,117,4117,6222,251022091,123,4110,nan
6223,255042063,107,4191,6224,251047130,117,4116,nan
6226,252081220,116,4125,6227,251002053,119,4110,nan
6228,251125285,108,4113,6231,256147249,106,4109,nan
6232,251022382,116,4125,6237,252027178,113,4109,nan
6239,252059345,116,4107,6241,252101344,113,4109,nan
6242,257004131,119,4110,6243,255051017,106,4122,nan
6244,252060092,117,4198,6247,253028211,115,411G,nan
6251,253035143,116,4125,6252,257016200,114,4111,nan
6257,256069380,112,4144,6259,257013090,116,4113,nan
6260,255027148,116,4125,6261,256103063,106,4127,nan
6262,252054171,107,4109,6264,251052219,112,4144,nan
6267,254036264,104,4201,6268,251061045,110,4132,nan
6273,252080012,116,4113,6275,252005096,109,4123,nan
6276,251052187,109,4103,6277,252058073,113,4109,nan
6278,251110311,109,4123,6279,255031195,106,4122,nan
6280,252099119,113,4127,6281,255063080,106,4122,nan
6283,254043307,113,4109,6290,257018105,115,4111,nan
6291,256162067,107,4161,6292,256062116,105,4125,nan
6293,252101330,116,4125,6294,251047101,111,4125,nan
6297,251109038,106,4127,6298,256170631,120,4110,nan
6299,255026211,108,4111,6300,257049347,116,4125,nan
6301,255028056,114,4111,6303,251146262,117,4194,nan
6305,255067224,112,521Q,6308,253049067,109,4125,nan
6309,257017187,103,4111,6311,251136164,115,4111,nan
6315,252104183,104,4198,6317,253023334,103,4111,nan
6319,254025182,103,4111,6322,252096265,104,4201,nan
6324,257001366,113,4109,6326,251110851,109,4123,nan
6329,256091076,109,4123,6331,256165082,109,4103,nan
6333,252082020,116,4107,6334,253002151,113,4109,nan
6336,252034139,113,4109,6337,254001256,109,4123,nan
6339,256015109,107,4191,6342,252007255,108,4111,nan
6344,252012027,113,4109,6346,255064206,113,4194,nan
6347,255042046,113,4127,6348,251142186,123,4110,nan
6350,252101246,104,4105,6351,251007544,123,4110,nan
6356,256161193,112,4144,6357,251042071,110,4125,nan
6359,251023241,111,4125,6361,252099120,113,4109,nan
6362,253049531,116,4107,6366,255037125,106,4109,nan
6368,252070199,113,4109,6369,251042110,110,4125,nan
6371,254029088,116,4125,6376,257018204,110,4132,nan
6379,252092132,113,4109,6380,257020254,114,4111,nan
6381,256062049,113,4109,6382,251006223,111,4125,nan
6383,251085130,112,5A06,6384,252095063,123,4110,nan
6392,256169063,104,4117,6395,251111073,119,4124,nan
6397,255063525,117,4117,6398,251110138,119,4124,nan
6400,252010021,112,4144,6403,251032108,105,4111,nan
6407,255055043,112,4144,6410,251044033,108,4111,nan
6411,251110910,111,4125,6412,251004114,106,4109,nan
6416,252095007,109,4103,6417,257049600,113,4127,nan
6418,257017231,116,4125,6423,252079327,106,4122,nan
6425,254003346,113,4109,6426,251143286,110,4107,nan
6426,251071218,103,4111,6428,254002428,113,5303,nan
6431,251124109,118,4110,6432,251004202,117,4108,nan
6433,251005178,116,4125,6434,251116017,117,4198,nan
6436,252021017,103,4111,6439,256042047,120,4110,nan
6440,252011195,122,4110,6441,252015053,113,4127,nan
6444,251110105,106,4109,6447,257016528,116,4113,nan
6448,251005133,109,4103,6452,252099260,109,4103,nan
6453,256170750,106,4127,6454,256053316,120,4110,nan
6458,251041032,122,4110,6459,251050367,112,4144,nan
6461,255024228,116,4113,6465,251160045,118,4110,nan
6466,255067358,114,4111,6467,256166241,101,4110,nan
6468,255069196,104,4117,6472,257014673,113,4127,nan
6473,252079290,107,4118,6474,257018166,103,4111,nan
6480,256110077,104,412Z,6482,256168130,117,4198,nan
6483,257005221,115,4110,6486,252064497,116,4125,nan
6487,257029006,102,4201,6488,255067415,116,4125,nan
6491,254017252,106,4109,6493,251154006,123,4110,nan
6494,254006184,108,4110,6497,257051212,116,4125,nan
6498,257016278,116,4113,6499,252013170,108,4111,nan
6502,252017220,103,4111,6503,252025126,115,4110,nan
6505,251137312,116,4107,6509,255041133,114,4111,nan
6514,256148074,116,4125,6515,257017183,118,4110,nan
6518,251110842,102,4201,6520,257013234,109,4125,nan
6524,251141373,108,4111,6525,256096295,116,4125,nan
6526,252100065,113,4127,6527,257002316,115,411G,nan
6529,255067072,114,4110,6530,252013481,116,4111,nan
6532,253002249,113,4109,6540,254025028,118,4110,nan
6544,252028137,113,4109,6545,257041223,106,4102,nan
6546,251110128,109,4103,6547,251096082,106,4122,nan
6548,256045063,105,413I,6549,251024064,113,4109,nan
6552,252092175,116,4125,6555,255061128,109,4103,nan
6557,251113153,108,4111,6562,252035235,117,4108,nan
6563,256011001,114,4111,6569,256028035,123,4110,nan
6571,252098144,109,4103,6573,251136059,106,4109,nan
6575,252073197,113,4109,6577,252102102,108,4111,nan
6578,255051347,116,4125,6579,252029156,116,4111,nan
6582,251124180,123,4110,6586,251018038,106,4127,nan
6587,253027150,117,4117,6590,251044010,110,5227,nan
6591,252105401,106,4109,6595,251112059,116,4125,nan
6596,257018028,108,4111,6597,251027046,111,4125,nan
6599,253020048,112,4144,6600,256126119,101,4111,nan
6604,252013386,116,4125,6609,257016429,113,4109,nan
6610,251121097,117,4198,6611,256071086,116,4125,nan
6612,255059013,109,4103,6614,254006106,109,4103,nan
6615,252005094,122,4110,6617,252073186,113,4109,nan
6622,251007550,111,4125,6626,252026084,113,4125,nan
6627,252057161,106,4109,6628,251147122,102,4128,nan
6630,252083104,105,4125,6632,251004384,116,4125,nan
6633,252005095,104,4201,6637,251047210,113,4109,nan
6638,251145406,116,4117,6639,251018147,111,412J,nan
6640,254016080,113,4127,6641,257039255,113,4127,nan
6645,254024134,116,4111,6646,254042368,116,4125,nan
6647,251147006,102,4201,6648,251139062,116,4107,nan
6649,254038189,113,4109,6650,251111064,105,4111,nan
6651,257002006,122,4110,6652,256069196,112,4144,nan
6655,257022068,104,4117,6658,251110523,102,4201,nan
6659,255063545,106,4127,6661,252009192,106,4109,nan
6662,252051127,117,4117,6664,254011189,106,4127,nan
6667,252073380,113,4109,6668,251118198,113,4109,nan
6669,251110631,102,4128,6670,254003148,105,4111,nan
6672,252034117,113,4109,6673,254004156,106,4127,nan
6675,251110172,102,4109,6679,252017205,113,4127,nan
6681,257026364,115,4110,6682,256163018,107,4118,nan
6683,255058103,114,4111,6684,251142081,113,4127,nan
6690,255031012,117,4108,6691,254006078,116,4125,nan
6693,252023060,104,4201,6694,257024024,123,4110,nan
6697,252103301,108,4111,6699,252061181,113,4109,nan
6700,251139015,102,4128,6701,255064255,106,4127,nan
6703,251030155,111,4125,6704,256170555,114,4114,nan
6708,255064099,107,4161,6709,252103261,113,4127,nan
6713,254034221,116,4107,6715,251024034,113,4127,nan
6718,257028017,113,4109,6719,252025143,116,4111,nan
6720,251006204,105,4125,6721,256043344,115,4110,nan
6723,252025129,106,4127,6727,251020048,108,4111,nan
6728,251051053,117,4117,6731,251055008,121,4110,nan
6738,252018191,108,4111,6740,251157071,107,4109,nan
6741,256115319,105,4125,6744,252021213,106,4109,nan
6746,254005438,113,4127,6748,251063064,105,4111,nan
6753,252038220,106,4109,6755,252014286,104,4117,nan
6759,257016100,103,4111,6762,251055027,113,4109,nan
6764,252102202,115,4110,6765,252021127,116,4107,nan
6767,257044367,113,4127,6768,254033358,106,4127,nan
6772,251047289,110,4132,6773,251021394,108,4111,nan
6774,252032431,106,4105,6777,251051161,102,4201,nan
6779,256003002,108,4110,6781,257016276,103,4111,nan
6782,251017078,108,4110,6785,251142199,106,4127,nan
6787,255064475,114,4111,6789,256004057,106,4109,nan
6792,257017111,114,4111,6794,252102389,113,4127,nan
6796,252027417,116,4125,6798,254039104,112,4144,nan
6799,257040087,109,4125,6800,252096172,102,4128,nan
6802,251030041,109,4125,6804,254038086,116,4107,nan
6805,256089357,105,4125,6807,257014561,117,4108,nan
6808,252067037,106,4127,6810,251042293,103,4111,nan
6811,251005170,113,4109,6812,251159276,114,4111,nan
6813,251047085,107,4161,6814,254032252,116,4125,nan
6815,253012189,116,4125,6818,257022074,118,4110,nan
6822,256164087,105,4125,6824,256145114,108,4111,nan
6826,252027137,104,5210,6827,254006114,110,4107,nan
6828,252004395,113,4127,6831,252104002,113,4109,nan
6832,257023240,112,521Q,6838,255036092,109,4103,nan
6839,257014124,103,4111,6843,256071121,120,4110,nan
6844,256087055,117,4117,6845,256071067,120,4187,nan
6846,251108343,109,4103,6848,251108440,106,4127,nan
6849,255064034,106,4109,6850,255018182,116,4125,nan
6851,256072030,110,4107,6852,252032331,111,4107,nan
6857,255039040,116,4107,6862,255063449,106,4109,nan
6863,256016008,123,4110,6864,257054243,113,4109,nan
6867,251110760,113,4109,6868,256149088,107,4199,nan
6869,254027062,104,4109,6870,252077087,113,4109,nan
6877,251042150,110,4214,6881,255018243,116,4107,nan
6884,256073003,110,4132,6886,256166411,105,4125,nan
6888,252073100,106,4127,6892,251044017,109,4101,nan
6894,251148038,109,4125,6894,252093068,114,4111,nan
6897,256174227,107,4125,6903,257019124,104,4136,nan
6904,251007686,111,4125,6908,251052216,123,4110,nan
6909,252050386,109,4103,6910,256106485,110,5227,nan
6916,254012218,106,4127,6917,252020337,119,4124,nan
6918,251108404,113,4127,6919,255016135,106,4109,nan
6921,252067188,106,4109,6922,252039009,103,4110,nan
6925,251030089,119,4124,6926,251031059,110,4132,nan
6937,252002179,113,5608,6943,252018332,116,4125,nan
6946,256047133,123,4110,6947,252081511,109,4125,nan
6948,252081213,113,4127,6950,255017195,116,4125,nan
6951,251012042,109,4125,6953,251116043,102,4109,nan
6955,255063437,116,4107,6956,256075020,110,4132,nan
6965,251045142,105,4125,6966,257024015,105,4125,nan
6970,252082248,116,4111,6972,255066101,101,4111,nan
6974,255035207,114,4111,6977,254036282,113,4127,nan
6978,251101336,116,4125,6979,256106462,112,4144,nan
6981,257017016,123,4110,6982,256135064,114,4111,nan
6990,257021052,113,4127,6991,254003201,104,4201,nan
6993,252009314,110,4132,6996,251049157,105,4125,nan
6997,251110526,109,4125,6999,256053065,111,412J,nan
7000,252004281,122,4124,7001,251018081,118,4181,nan
7004,256071167,116,4111,7008,252016280,117,4117,nan
7010,257028389,106,4109,7014,251142178,123,4110,nan
7018,255029283,106,4109,7019,255013150,110,4132,nan
7023,255028067,116,4107,7025,256169534,101,4111,nan
7026,255018233,108,4110,7027,252087179,106,4109,nan
7028,251046296,117,4117,7029,255027385,114,4111,nan
7031,252105155,106,4127,7032,251108286,105,4125,nan
7035,251157217,116,4125,7036,257019105,116,4125,nan
7038,257039410,113,4127,7040,251139156,116,4125,nan
7041,251052120,107,4191,7043,252103041,116,4125,nan
7049,252022172,114,4111,7050,256119354,118,4110,nan
7051,254029213,114,4111,7054,251114012,116,4125,nan
7055,252071228,106,4109,7056,257053027,104,4136,nan
7058,254027282,116,4125,7065,251141269,116,4125,nan
7069,257027563,116,4125,7070,257028222,106,4109,nan
7071,251026069,108,4110,7072,254058080,106,4109,nan
7077,251049158,110,4132,7078,252083012,112,4144,nan
7079,251110088,117,4117,7080,252098222,109,4103,nan
7085,252104149,103,4111,7086,254016396,113,4194,nan
7101,256101013,110,4132,7103,256045217,114,4111,nan
7105,254051159,109,4103,7106,257039034,113,4194,nan
7107,257052174,117,4108,7108,251110410,113,4194,nan
7117,257049088,117,4117,7118,257042017,115,4110,nan
7121,251022147,113,4127,7124,257016539,102,4201,nan
7125,251124046,106,4127,7126,256101049,107,4191,nan
7127,252074009,116,4125,7135,252010395,115,4125,nan
7135,255036183,116,4117,7138,257033045,122,4124,nan
7146,255027295,116,4125,7150,255021581,104,4136,nan
7158,252031164,101,4111,7159,255036181,116,4125,nan
7160,251143629,107,4161,7163,257044152,117,4108,nan
7165,255018287,113,4127,7166,254011235,114,4110,nan
7170,253047050,106,4109,7176,251110050,110,4132,nan
7180,255030187,106,4127,7192,257026507,116,4111,nan
7194,255040081,116,4125,7199,256159184,114,4110,nan
7201,257032075,106,4109,7202,255042068,117,4108,nan
7203,257006339,114,4111,7206,256023040,120,4187,nan
7208,252022106,123,4110,7210,251109052,103,4111,nan
7216,256071181,107,4117,7219,255068002,118,4110,nan
7221,252021001,104,4201,7224,257016018,108,4110,nan
7225,257049231,105,4125,7228,257012031,102,4201,nan
7231,251009157,116,4107,7234,252017027,116,4107,nan
7235,256163090,106,4127,7238,252011307,104,4201,nan
7239,251050187,111,4193,7242,255044054,101,4111,nan
7244,256185041,103,4110,7245,256053263,120,4187,nan
7246,251142548,105,4107,7247,252013014,104,4105,nan
7248,255064131,110,4107,7249,251142689,114,4111,nan
7251,252075133,113,4127,7254,253035305,106,4109,nan
7257,256063020,120,4187,7260,255018096,116,4111,nan
7261,251113029,114,4111,7263,257020183,118,4110,nan
7264,255040063,101,4111,7265,255064261,101,4111,nan
7267,256070262,110,4132,7268,253034238,117,4109,nan
7273,252105231,116,4125,7274,255070005,106,4105,nan
7275,251103070,107,4161,7277,251060022,108,4188,nan
7283,255051044,116,4125,7284,252046217,105,4125,nan
7286,252012154,116,4125,7290,252032302,114,4111,nan
7291,252093049,113,4194,7292,256060004,114,4110,nan
7293,252056241,113,4127,7294,256146416,114,4111,nan
7302,252004126,104,4136,7309,256131181,107,4125,nan
7315,256133092,121,4111,7326,256058235,114,4111,nan
7327,252006381,116,4107,7332,257017380,117,4108,nan
7341,254002360,113,4127,7342,251066223,106,4127,nan
7343,252101155,106,4105,7346,252081442,109,4125,nan
7352,256150019,114,4111,7354,252101253,101,4111,nan
7355,257054030,106,4109,7357,252031049,114,4111,nan
7358,252073277,106,4109,7359,252011024,103,4111,nan
7361,257006139,103,4111,7363,251108476,118,4110,nan
7364,252101337,104,4136,7366,256164190,110,412V,nan
7367,251114077,106,4204,7368,256044024,114,4111,nan
7371,251142635,116,4107,7374,252032202,117,4108,nan
7376,256165343,107,4109,7378,256105033,110,5227,nan
7379,252083332,109,4125,7381,251108252,123,4124,nan
7382,257052166,118,4110,7383,253012277,112,4110,nan
7386,254003463,102,4215,7388,256107056,116,4117,nan
7389,251146025,105,413I,7392,252101152,122,4124,nan
7394,256165195,123,4124,7395,254004005,116,4107,nan
7398,252063234,101,4111,7402,252027447,116,4117,nan
7403,254024105,105,413I,7404,256148087,116,4117,nan
7405,257027134,106,4105,7410,257013010,105,413I,nan
7412,251083002,116,4107,7415,254019161,106,4109,nan
7416,256056080,118,4181,7419,252098238,105,413I,nan
7424,252102363,116,4107,7429,251141504,105,4125,nan
7433,257002105,110,4132,7436,256168155,121,4111,nan
7437,251148082,110,4107,7438,256099095,107,4161,nan
7440,251142362,105,4125,7442,252100203,103,4110,nan
7443,251007252,111,4107,7444,256057423,114,4110,nan
7445,252029146,104,5210,7446,251050175,120,4110,nan
7447,254029402,116,4107,7450,252020070,103,4111,nan
7451,253023118,117,4109,7453,256071340,112,4144,nan
7458,253031095,115,411G,7461,252011272,105,4125,nan
7464,254063160,118,4114,7465,251071612,106,4133,nan
7467,251052041,106,4204,7470,256166262,106,4109,nan
7471,251030171,105,4117,7473,252017176,116,4117,nan
7474,251007116,103,4111,7478,254032048,105,4125,nan
7481,257022075,102,4109,7483,256032214,107,4109,nan
7488,251050080,121,4111,7496,251042327,112,4144,nan
7498,252013011,104,4201,7502,251007271,112,4144,nan
7503,256146224,107,4191,7504,255012109,106,4109,nan
7506,251108262,106,4127,7508,251139037,106,4127,nan
7509,256098129,110,411N,7510,251136073,116,4107,nan
7511,251143565,113,5602,7516,251039067,105,4125,nan
7517,252013506,116,412O,7522,256145412,106,4127,nan
7528,252020010,116,4107,7530,256166561,114,4111,nan
7533,256035194,123,4124,7535,257039322,116,4107,nan
7538,256104014,110,411N,7541,252100236,116,4107,nan
7542,251031080,111,4107,7543,251123039,107,4161,nan
7545,257002016,105,4125,7546,256108084,110,4107,nan
7550,257027473,108,4125,7552,254003102,117,4109,nan
7555,251154138,105,4107,7556,252100252,116,4107,nan
7559,256174545,120,4187,7561,257026449,104,5210,nan
7564,254001222,117,4108,7566,257043118,106,4109,nan
7568,251110350,118,4181,7569,256146477,107,4191,nan
7573,252092401,113,4194,7574,256058056,106,4107,nan
7580,256061295,105,4111,7581,252013143,103,4111,nan
7585,254027320,114,4111,7586,252060374,106,4109,nan
7587,252080326,117,4108,7590,252104072,103,4111,nan
7591,251146286,107,4161,7593,251080099,114,4111,nan
7594,251047270,117,4108,7598,252081539,112,4202,nan
7599,251153101,107,4109,7601,251137038,105,4117,nan
7602,254022022,114,4111,7603,251054113,114,4111,nan
7604,256058015,107,4161,7605,251109058,106,4125,nan
7606,254056083,116,4109,7610,251136052,116,4107,nan
7615,252063184,116,4107,7616,257054246,118,4181,nan
7617,252025262,104,4136,7619,255051127,106,4105,nan
7620,252104055,117,4109,7624,252105290,117,4108,nan
7626,252102172,101,4111,7631,252054019,117,4109,nan
7632,251031016,113,4107,7633,252100004,113,5608,nan
7634,252015101,102,4215,7635,253006047,116,4107,nan
7638,251092209,106,4109,7642,251115114,120,4187,nan
7646,253049078,118,4181,7647,251047335,117,4194,nan
7657,254045109,101,4111,7658,252049237,116,4107,nan
7662,255053109,114,4125,7665,252021117,115,4125,nan
7666,252019036,106,4109,7672,252025104,118,4181,nan
7673,251111049,115,4125,7675,252022127,116,4107,nan
7679,255047079,101,4124,7686,252032243,106,4109,nan
7687,253019151,114,4125,7690,251142588,113,4194,nan
7692,256107050,116,4107,7693,254027025,118,4181,nan
7694,251010012,111,4107,7696,252100050,118,4181,nan
7697,255028021,106,4127,7699,257033207,105,4107,nan
7701,252019245,119,4124,7702,251024044,111,4107,nan
7705,251145005,106,4127,7708,253017071,106,4127,nan
7710,251004290,112,5A06,7711,251008011,111,4107,nan
7712,256162093,119,4124,7714,254011262,106,4109,nan
7720,251048134,123,4114,7721,252035278,103,4110,nan
7722,251141438,102,4215,7725,252081527,116,4107,nan
7728,252061042,101,4111,7734,252105022,113,4194,nan
7735,257026193,115,4124,7736,252101015,101,4111,nan
7739,254022359,105,4107,7742,257028349,112,5A06,nan
7743,256071071,101,4111,7744,251124029,105,4107,nan
7745,251137301,117,4108,7751,251046080,110,5227,nan
7756,251041129,110,412V,7757,253026305,107,410B,nan
7759,251074144,101,4125,7761,251137227,102,4128,nan
7766,256165225,122,4124,7770,254043308,102,4215,nan
7771,253031278,116,4117,7774,252010464,106,4109,nan
7775,251046208,116,4111,7776,256038188,107,4109,nan
7783,255058306,106,4105,7786,256145195,112,521Q,nan
7788,256101019,106,4125,7792,251056023,123,4124,nan
7793,256005092,118,4181,7797,253034251,114,4110,nan
7801,257035158,117,4109,7802,251147177,101,4111,nan
7806,256130007,107,4109,7807,255063411,106,4105,nan
7809,252092431,117,4108,7810,255027321,120,4187,nan
7811,255021766,108,4125,7812,252060405,101,4111,nan
7813,252103233,104,412T,7815,253003616,104,412T,nan
7816,255064181,116,4107,7819,256057089,114,4110,nan
7821,252073056,102,4109,7825,254007155,105,4107,nan
7826,252102140,116,4107,7827,253007069,116,4117,nan
7828,251145429,106,4125,7830,255047209,114,4125,nan
7833,255037157,106,4130,7834,252002019,108,4188,nan
7837,251052230,102,4128,7839,254024160,116,4107,nan
7841,255009110,114,4110,7843,255016037,118,4181,nan
7845,251118366,118,4181,7847,251040118,102,4215,nan
7853,251110708,106,4133,7854,253022295,112,5A07,nan
7856,251136032,109,4107,7857,251142205,115,4117,nan
7862,257041042,113,4194,7863,252097199,116,4107,nan
7866,256195017,114,4110,7869,257030096,109,4107,nan
7870,252006276,106,4133,7871,257048065,116,4107,nan
7873,255068109,116,4107,7878,255006164,121,4111,nan
7879,252100327,122,4124,7880,255064233,112,5409,nan
7881,251052200,107,4117,7889,255038036,107,4109,nan
7892,256051564,118,4181,7893,257020256,117,4109,nan
7895,255065104,104,4193,7896,252060467,106,4121,nan
7903,252092148,112,5A10,7904,251007436,111,4107,nan
7905,252032436,117,4108,7906,252015042,116,4111,nan
7907,253031077,117,4108,7908,256166332,107,4191,nan
7911,257018228,117,4108,7912,254001045,117,4108,nan
7913,257027353,116,4107,7914,252005293,115,4125,nan
7921,254032008,117,4109,7928,254057117,117,4109,nan
7929,252096058,119,4124,7932,257023023,119,4124,nan
7933,251101432,123,4124,7934,257018118,118,4181,nan
7937,255011009,116,4107,7945,252099140,117,4109,nan
7946,254035264,117,4108,7949,251019091,122,4124,nan
7953,252054176,117,4109,7955,251116048,117,4109,nan
7958,256096277,117,4108,7959,256166066,106,4105,nan
7962,252105214,114,4125,7965,252024190,104,4201,nan
7968,256078094,105,4111,7979,251139130,107,4109,nan
7983,252104152,106,4105,7985,256060033,101,4111,nan
7986,251136241,111,4107,7990,252026079,115,4125,nan
7991,252018159,103,4110,7992,252100133,106,4125,nan
7997,252011296,103,4110,7998,252096138,109,4107,nan
8004,255055190,116,4117,8006,255026177,112,5A07,nan
8009,251004351,101,4111,8010,252061022,116,4107,nan
8012,256128047,121,4111,8013,251142094,115,4125,nan
8015,254039344,113,4194,8017,251109345,111,4107,nan
8020,251058064,120,4111,8021,252102263,113,4194,nan
8023,255017075,103,4125,8026,251142279,102,410U,nan
8027,257024191,115,411G,8032,256097049,117,4109,nan
8033,251138020,116,4107,8035,252102188,106,4105,nan
8040,251138088,107,4109,8042,252071238,108,4188,nan
8043,252020154,104,4201,8044,255030688,105,4111,nan
8058,252103240,122,4124,8070,251154041,113,4194,nan
8073,255023540,114,4124,8075,252083275,102,4128,nan
8081,251023228,122,4124,8085,251039207,106,4125,nan
8088,253032229,122,4124,8091,251017152,108,4125,nan
8092,252104108,106,4105,8094,251137056,108,4125,nan
8095,256102018,123,4114,8106,256010089,101,4111,nan
8107,251110906,102,4215,8108,253033287,114,4125,nan
8115,254041096,117,4109,8118,255068137,118,4114,nan
8119,257050034,116,4107,8120,257022005,113,4117,nan
8123,257037100,116,4107,8125,257040147,116,4109,nan
8128,252096089,107,4109,8129,257032183,116,4111,nan
8130,251135138,123,4124,8131,255047121,114,4125,nan
8133,251110817,107,4191,8134,256122445,121,4111,nan
8135,256060085,120,4187,8136,256071079,106,4133,nan
8139,256006159,107,4109,8140,251046248,115,4117,nan
8142,251005020,106,4130,8144,253003213,113,5602,nan
8145,251108021,116,4107,8146,257027441,116,4107,nan
8148,252015228,106,4105,8150,255011065,101,4111,nan
8151,255021806,101,4111,8153,251008048,101,4111,nan
8154,257002328,116,4107,8157,254002018,102,4215,nan
8158,251110688,109,4205,8159,251030141,113,4194,nan
8162,255066320,104,4201,8163,254003094,115,4125,nan
8165,257039328,101,4111,8169,254031038,104,4109,nan
8170,257017112,104,4109,8173,257018216,113,4125,nan
8174,251002016,115,4125,8175,251044362,123,4124,nan
8178,256033009,123,4124,8183,257028218,116,4107,nan
8184,255036103,116,4117,8187,255027020,112,4110,nan
8188,251159093,116,4107,8191,255037085,117,4109,nan
8200,252007222,115,4117,8202,252065270,107,4109,nan
8210,256110136,106,4133,8211,254042444,116,4109,nan
8213,254055241,114,4124,8214,252080301,116,4126,nan
8215,252057203,117,4109,8219,252101091,116,4107,nan
8220,251050182,102,4109,8222,256149059,123,4124,nan
8225,251129037,105,4117,8229,251141656,106,4133,nan
8235,251109332,117,4109,8237,256159464,121,4110,nan
8238,257005142,117,4109,8239,256014095,121,4110,nan
8241,256057068,121,4111,8246,252103355,113,5303,nan
8247,252069309,115,411G,8248,251142681,114,4125,nan
8253,253016235,112,4110,8259,257023356,115,4125,nan
8262,254005213,115,4124,8264,252068183,117,4109,nan
8267,252014268,113,5303,8270,251144063,106,4133,nan
8273,254011486,112,4110,8278,252093034,116,4107,nan
8280,256087089,106,4133,8283,252103409,112,5A07,nan
8284,254043183,107,4109,8285,252027050,104,4201,nan
8286,252107061,113,5303,8299,251149064,105,4117,nan
8300,257012073,116,4107,8304,253033179,117,4194,nan
8312,252104348,113,5303,8315,257006410,106,4204,nan
8317,252038008,122,4124,8318,257028206,106,4130,nan
8327,257020029,115,4125,8328,252072017,117,4109,nan
8337,256043486,120,4187,8342,252003098,116,4107,nan
8343,252013049,102,4215,8345,252071031,111,4111,nan
8350,254031046,113,4198,8351,252079211,112,5413,nan
8352,252047321,116,4107,8356,252080293,109,4107,nan
8358,251101126,107,4199,8361,251003052,117,4194,nan
8368,252069261,113,5303,8369,254006170,116,4109,nan
8373,255021596,106,4125,8376,256167234,107,4191,nan
8380,256016124,120,4187,8381,252004149,116,4107,nan
8385,252079231,113,4107,8389,254008003,114,4125,nan
8390,257049130,115,4125,8391,255066290,116,4126,nan
8392,256130206,116,4117,8393,257049235,107,4199,nan
8398,256167013,106,4204,8398,252029226,104,4109,nan
8400,254011493,109,4107,8401,256063009,106,4133,nan
8410,251022352,119,4111,8411,256087108,114,4125,nan
8413,256146102,120,4187,8420,252105368,106,4125,nan
8428,252104336,104,4109,8430,255041009,106,4130,nan
8433,257014053,104,4105,8439,251042104,105,4128,nan
8441,257049285,116,4117,8442,251015121,108,4125,nan
8443,252004042,115,4125,8444,252049145,113,5303,nan
8446,253029160,115,4125,8447,255030209,107,4109,nan
8450,252031684,102,4109,8452,253022612,112,4110,nan
8454,252053083,116,4109,8455,251067413,123,4110,nan
8458,251140012,108,4125,8459,256051489,121,4110,nan
8462,255067363,105,4107,8465,252034209,116,4109,nan
8466,252105069,109,4205,8468,257031156,106,4105,nan
8472,256121327,106,4133,8473,252056316,108,4188,nan
8476,252017239,103,4181,8477,251117457,106,4102,nan
8479,256069364,113,5303,8480,252068242,103,410Y,nan
8482,255031037,114,4125,8483,255029329,118,4114,nan
8484,255063450,114,4117,8491,253033003,107,410B,nan
8493,254019210,116,4109,8497,254028035,117,4109,nan
8500,257049542,106,4130,8508,251058054,102,410U,nan
8509,257016623,104,412T,8511,256006156,120,4111,nan
8522,257005033,116,4109,8524,257024176,115,4124,nan
8525,253022231,117,4109,8527,254039395,102,4109,nan
8528,254032274,104,4201,8529,252063050,102,4109,nan
8530,253049199,106,4105,8540,253021523,107,4199,nan
8542,256137136,120,4187,8543,254003382,105,4107,nan
8545,254012150,109,4205,8548,257016304,109,4107,nan
8553,252022110,109,4201,8557,254004411,122,4124,nan
8558,252099309,122,4124,8559,257022189,122,4124,nan
8568,255039074,106,4102,8570,254041121,117,4109,nan
8572,256032404,123,4114,8573,251072288,108,4188,nan
8575,251061172,106,4204,8579,255064213,117,4109,nan
8585,252045140,106,4130,8588,254048180,112,4125,nan
8590,255043191,106,4133,8591,254045027,115,4125,nan
8595,251160066,109,4201,8596,255068126,120,4125,nan
8597,256089307,102,4109,8600,254022282,118,4181,nan
8603,255030103,116,4109,8605,254005104,106,4105,nan
8608,251062084,107,4109,8610,251110585,111,4193,nan
8614,252097024,113,5303,8616,252102299,105,4107,nan
8622,256103068,116,4109,8623,252080228,109,4101,nan
8624,257035091,115,4125,8625,255027416,106,4204,nan
8627,256148492,106,4133,8628,251110866,106,4125,nan
8630,254008004,113,5303,8632,251147129,106,4125,nan
8633,252093099,107,4109,8640,251137305,120,4187,nan
8643,254001247,116,4109,8645,252105344,114,4125,nan
8646,255006067,121,4111,8653,256167206,121,4111,nan
8656,252053416,117,4194,8659,256071335,115,4125,nan
8660,254016309,104,4109,8661,255032045,113,5302,nan
8664,252079277,106,4130,8666,256069044,114,4125,nan
8671,252054316,116,4109,8673,252101405,117,4109,nan
8674,255055073,114,4125,8682,257035090,116,4109,nan
8686,252062194,116,4109,8687,255017397,106,4133,nan
8689,254052220,118,4114,8691,252104289,117,4109,nan
8696,256166074,113,5101,8697,253004008,106,4133,nan
8698,256071266,107,4109,8701,252056380,115,4125,nan
8702,256146004,106,4130,8705,251109444,108,4188,nan
8707,254055263,114,4125,8708,251111002,108,4125,nan
8718,256097211,110,4214,8724,251042049,106,4105,nan
8725,255003098,123,4114,8727,256147384,106,4133,nan
8728,257037062,105,4107,8729,256098300,115,4117,nan
8732,257033042,117,4109,8736,251108133,114,4125,nan
8737,255021670,106,4130,8738,256095481,106,4204,nan
8739,255066540,112,5409,8742,252053122,117,4109,nan
8750,252092396,105,4107,8764,256176133,117,4109,nan
8770,256165049,115,4125,8776,251143281,109,4107,nan
8777,251155070,101,4125,8788,253026241,116,4109,nan
8789,253003510,117,4125,8796,251061054,104,4105,nan
8802,252033086,106,4102,8804,256157166,101,4124,nan
8807,251010007,118,4114,8810,252058411,117,4194,nan
8813,254005415,106,4105,8816,256149107,107,4125,nan
8819,253041056,117,4109,8824,251140090,105,4107,nan
8828,257016426,103,4181,8830,251108143,118,4114,nan
8831,257040275,103,4117,8832,252016591,123,4114,nan
8834,255059169,106,4204,8835,255041022,113,5303,nan
8840,256029005,107,4199,8845,256045040,121,4111,nan
8853,251059045,113,5303,8857,256002093,111,4107,nan
8859,252083197,117,4109,8867,251006143,117,4109,nan
8868,252039076,108,4125,8869,251109075,109,4101,nan
8870,252018317,113,5303,8872,252092049,117,4109,nan
8874,252038366,119,4111,8875,252079128,115,4125,nan
8877,256165119,110,4109,8880,251077027,106,4105,nan
8881,251061051,115,4125,8885,251109127,106,4133,nan
8886,252011100,115,4125,8892,256136036,109,4201,nan
8893,252059058,111,4107,8895,252022109,116,4126,nan
8896,251111267,106,4102,8898,252016428,115,4125,nan
8900,251043097,111,4107,8901,251141068,115,4107,nan
8902,252035189,109,4107,8909,256109542,108,4125,nan
8914,251110078,102,410U,8917,252007178,115,4117,nan
8918,255056059,114,4125,8925,257016630,102,410U,nan
8926,252029202,104,4193,8927,251023332,104,4105,nan
8930,252022164,114,4117,8934,257020198,123,4114,nan
8935,252102214,115,4125,8940,252029035,109,4101,nan
8942,254012053,108,4125,8944,252019222,108,4125,nan
8946,255066468,120,4111,8948,255063431,108,4125,nan
8950,252032402,106,4102,8955,254052028,117,4109,nan
8956,256167430,121,4109,8962,251142658,107,4125,nan
8965,256061259,120,4110,8966,256053184,123,4110,nan
8968,254029210,115,4124,8970,254016284,106,4105,nan
8973,252030076,104,412[,8978,251044097,110,411N,nan
8980,251110592,108,4125,8981,253036132,117,4109,nan
8983,251142121,115,4125,8990,252017178,115,4125,nan
8992,252059135,116,4109,8993,257045120,101,4114,nan
8996,251055106,110,4214,8998,257033147,108,4125,nan
9004,252047362,105,4109,9005,252076227,108,4125,nan
9006,252053257,117,4109,9009,256079015,106,4125,nan
9012,251018025,111,4107,9016,251142048,106,4105,nan
9021,255021836,117,4109,9025,256166775,123,4114,nan
9026,256052190,123,4114,9029,256161348,106,4105,nan
9031,251007244,119,4111,9033,253030069,106,4105,nan
9041,251082393,106,4130,9042,253025085,112,4110,nan
9047,252019033,116,4109,9048,255021846,106,4130,nan
9052,255024099,114,4125,9056,256114214,120,4111,nan
9057,257002313,115,4125,9060,257016241,104,4193,nan
9062,253027019,112,5416,9063,251009061,103,4125,nan
9064,252010012,113,5302,9065,254054104,116,4109,nan
9066,255064137,123,4114,9073,256174203,120,4111,nan
9075,257016360,113,4125,9077,251136012,108,4125,nan
9081,254052215,114,4111,9084,251109111,103,4117,nan
9096,256169124,111,4111,9101,256166458,106,4102,nan
9103,257014284,106,4204,9104,252056216,104,4109,nan
9107,255005462,121,4111,9110,252080191,116,4109,nan
9115,251116019,115,4125,9118,255017043,116,4109,nan
9122,257023282,115,4107,9123,257022118,119,4111,nan
9124,251070022,106,4130,9128,255061122,111,4107,nan
9130,251110719,109,4205,9140,251009154,114,4125,nan
9141,253004010,116,4109,9142,257016211,115,4109,nan
9144,254005185,117,4194,9145,252089111,116,4109,nan
9152,254037120,105,4109,9155,255030028,114,4125,nan
9170,252018174,103,4125,9174,256072066,123,4110,nan
9176,257040027,112,5416,9177,251146019,108,4125,nan
9178,251108199,116,4126,9182,253011035,106,4102,nan
9185,252082280,106,4133,9189,257045094,106,4170,nan
9190,253026288,114,4125,9193,252052129,104,4109,nan
9194,251010044,103,4125,9195,251108060,121,4111,nan
9199,252069139,111,4107,9201,251050067,106,4170,nan
9202,251047150,107,4199,9206,252039120,113,5302,nan
9209,252051311,106,4130,9210,251042224,123,4114,nan
9215,255021235,116,4109,9217,252094090,116,4109,nan
9219,255021765,106,4130,9220,257045037,107,410B,nan
9224,251109147,106,4105,9225,252065323,116,4109,nan
9230,251109163,109,4205,9232,252096168,121,4111,nan
9233,255037091,113,5302,9236,252104290,107,4199,nan
9237,256175234,111,4111,9238,252056276,113,4125,nan
9243,254007058,117,4194,9244,256102040,110,4214,nan
9249,251110475,117,4194,9255,254014154,118,4114,nan
9257,255027058,106,4130,9258,254044085,116,4109,nan
9261,252102170,112,5416,9262,252064488,109,4205,nan
9264,251157182,123,4114,9265,256174044,114,4124,nan
9266,256153012,106,4130,9268,251147221,106,4130,nan
9270,256045133,121,4111,9273,251142509,115,4117,nan
9275,252068334,113,5302,9276,251007588,111,4107,nan
9279,257015016,115,4117,9283,252079165,113,4107,nan
9288,251049097,106,4102,9291,256071126,121,4111,nan
9292,252085123,109,4101,9298,256032315,121,4111,nan
9306,252006292,112,4188,9307,256145275,114,4125,nan
9310,251006035,111,4109,9321,256046144,118,4114,nan
9337,252047276,108,4125,9340,254049198,118,4114,nan
9344,252022126,109,4201,9345,256053297,116,4109,nan
9348,257006092,113,4107,9349,251007318,123,4114,nan
9350,252092034,123,4114,9352,252033174,103,410Y,nan
9357,256168244,110,4127,9361,255037195,116,4109,nan
9364,254036274,115,4107,9366,252079403,106,4107,nan
9368,251108026,102,4201,9369,251144029,108,4125,nan
9371,256089269,106,4133,9373,252031078,115,4107,nan
9374,252092189,113,5607,9375,252070133,108,4111,nan
9377,256096425,121,4111,9378,256149153,107,4199,nan
9384,254036319,116,4109,9386,255066314,106,4125,nan
9388,252092157,113,4107,9393,251022044,106,4170,nan
9394,254033118,109,4123,9396,254047145,109,4201,nan
9397,255036002,105,4109,9404,252069015,116,4109,nan
9408,257006112,108,4125,9411,251070324,107,410B,nan
9412,255039024,116,4109,9414,254048106,116,4109,nan
9415,254003190,108,4125,9417,252084355,120,4111,nan
9419,254044136,106,4130,9423,256147489,103,4117,nan
9424,252012023,113,5602,9429,257026044,115,4124,nan
9430,251161022,110,4127,9434,252052125,118,4114,nan
9436,257016477,103,4125,9442,257037006,109,4109,nan
9446,251023240,108,4125,9449,256106014,110,4214,nan
9461,256150111,118,4114,9462,257024199,113,5101,nan
9468,256169103,121,4111,9471,255018200,113,5302,nan
9476,256039292,123,4114,9478,255017447,106,4133,nan
9480,252001136,113,5302,9483,257017119,118,4114,nan
9484,257043240,109,4201,9491,255026145,113,5302,nan
9492,254047203,116,4109,9494,251002027,101,4125,nan
9496,256158153,108,4125,9499,256060174,107,410B,nan
9502,254007147,119,4111,9503,251022386,107,410B,nan
9505,251141564,106,4130,9506,252070172,115,4107,nan
9508,252003215,116,4109,9513,256051268,118,4114,nan
9516,251121184,108,4125,9518,256069493,113,5602,nan
9519,252062181,106,4107,9521,251122094,117,4194,nan
9524,256140029,107,4125,9525,251116037,101,4117,nan
9528,252053349,119,4111,9529,253003504,116,4109,nan
9530,252032295,114,4125,9532,251143487,108,4125,nan
9533,255064330,114,4125,9534,254002233,109,4201,nan
9535,252100250,113,4107,9543,257038102,106,4133,nan
9547,257020320,108,4125,9550,252099282,119,4111,nan
9551,256093055,121,4125,9555,251105200,110,4214,nan
9558,252024022,105,4128,9560,252031481,105,4109,nan
9563,251070018,114,4125,9565,252033336,113,5302,nan
9569,251160047,108,4125,9572,255019045,116,4109,nan
9573,257034319,103,410Y,9574,251143431,109,4205,nan
9575,251009133,111,4109,9576,252105201,115,4117,nan
9581,251021398,119,4111,9583,253047045,109,4205,nan
9587,257014210,117,4194,9590,252080217,112,4188,nan
9594,257040039,113,5302,9595,257030108,108,4107,nan
9598,257013092,106,4130,9604,252068177,116,4126,nan
9607,256172268,114,4125,9608,251135101,117,4194,nan
9609,254012210,106,4102,9612,257018286,103,4125,nan
9613,257018145,103,4125,9619,256096180,116,4126,nan
9625,257026054,113,4107,9627,255066159,101,4125,nan
9629,257002141,106,4102,9634,251117372,112,4125,nan
9636,256042267,114,4107,9637,252064357,109,4201,nan
9645,253036102,118,4111,9646,254051123,106,4130,nan
9648,251147033,109,4205,9652,252100104,118,4114,nan
9654,252102384,115,4107,9655,255029309,109,4205,nan
9656,251142344,103,4125,9658,257020178,113,5602,nan
9659,252092391,109,4201,9661,254057016,106,4130,nan
9662,257013390,109,4205,9666,252081396,101,4125,nan
9668,251112001,118,4114,9669,257045328,106,4133,nan
9670,257040204,115,4124,9672,256139160,114,4124,nan
9673,257018004,108,4107,9674,252031221,115,4107,nan
9676,255066122,106,4130,9681,251138071,114,4134,nan
9688,257043377,117,4194,9691,251110883,113,4117,nan
9692,257022081,103,4125,9694,254051222,114,4125,nan
9700,252098040,109,4205,9701,251074046,101,4114,nan
9704,251082024,119,4111,9708,252069306,112,5416,nan
9715,257045348,111,4109,9720,251004429,123,4144,nan
9721,252030227,103,411F,9724,257040178,111,4193,nan
9726,251125203,106,4130,9728,251007291,114,4107,nan
9737,253031189,109,4201,9738,251049030,112,4188,nan
9741,256145430,103,4181,9745,252049301,116,4109,nan
9748,256129177,119,4111,9749,253026071,114,4117,nan
9751,256127161,119,4111,9754,254038337,106,4125,nan
9759,254048195,122,4111,9760,256101067,107,4117,nan
9764,252050408,114,4107,9767,252010348,113,5602,nan
9768,251136030,119,4111,9786,252038330,116,4109,nan
9787,257016407,108,4107,9794,251115119,114,4125,nan
9798,251146290,111,4109,9801,251045086,114,4114,nan
9805,251050370,120,4111,9810,251020158,111,4193,nan
9811,251147230,114,4125,9815,252071332,116,410B,nan
9821,252054320,113,5302,9822,255059204,109,4201,nan
9826,256082024,114,4125,9827,255056025,114,4125,nan
9828,251130098,105,4109,9830,252008084,115,4107,nan
9835,252056447,107,410B,9838,251152076,114,4125,nan
9840,254064173,118,4111,9841,256166711,104,4139,nan
9846,254064340,103,411F,9847,255059019,106,4130,nan
9849,255064042,114,4125,9850,252102250,113,5302,nan
9851,251131153,114,4125,9853,257048031,116,4109,nan
9864,257041079,111,4109,9867,256096420,106,4133,nan
9872,251159251,105,4109,9874,251043095,114,4125,nan
9884,256101146,110,4214,9885,252101361,116,412O,nan
9886,257045174,113,4136,9887,254019098,109,4205,nan
9888,255027296,116,4109,9891,257017272,115,413B,nan
9893,256055076,116,4109,9903,257039032,116,4109,nan
9905,254039114,113,5608,9911,257051043,117,4194,nan
9913,252082079,103,4125,9914,251020018,119,4125,nan
9921,251121178,116,4109,9923,251108039,111,4111,nan
9924,251147115,110,4127,9928,257049522,114,4125,nan
9930,256128008,112,4125,9936,251159345,106,4133,nan
9937,255064397,106,4204,9940,252096215,106,4107,nan
9945,251046017,116,4109,9948,255061092,114,4114,nan
9949,257033048,103,4125,9950,252086081,122,4110,nan
9951,252102349,112,4188,9955,256089367,106,4133,nan
9957,256159117,112,4125,9958,251018039,111,4109,nan
9961,255021121,116,412O,9964,255066105,114,4125,nan
9966,251110755,106,4102,9969,254059129,116,4126,nan
9970,257023414,106,5101,9971,255021103,116,4109,nan
9976,252094055,116,4109,9983,255067142,105,4128,nan
9985,256151088,113,4125,9991,257054115,116,4109,nan
9993,253023025,114,4134,9997,251114004,111,4193,nan
9999,256089202,113,4125,10002,251109048,106,4102,nan
10003,256146390,107,4107,10007,255063500,106,4170,nan
10011,252019318,112,4125,10012,254065334,112,5A10,nan
10013,252096096,114,4125,10016,252102145,113,5302,nan
10022,255038042,110,4109,10024,252068255,114,4107,nan
10027,252107095,101,4125,10030,256170124,107,410B,nan
10032,257049469,103,4125,10036,257006103,106,4102,nan
10037,254016290,106,4133,10041,255067037,113,5602,nan
10043,251141553,107,410B,10054,252064395,105,4109,nan
10055,255065088,103,4117,10062,252019078,106,4130,nan
10064,256200029,112,4125,10065,252053263,119,4111,nan
10066,251007628,111,4109,10070,256035057,101,4125,nan
10074,251118212,106,4133,10077,257014621,117,4194,nan
10078,254050049,116,4109,10083,252003031,103,4125,nan
10086,251056012,108,4107,10090,253049630,120,4111,nan
10094,256071034,121,4125,10095,253049255,119,4111,nan
10100,256127075,116,4109,10101,252092454,120,4111,nan
10108,252103367,109,4205,10110,254001154,118,4111,nan
10113,251146218,106,4202,10117,252031449,104,4139,nan
10126,256051221,120,4111,10127,257017010,117,4194,nan
10128,252100398,106,4101,10131,257022025,113,4125,nan
10136,251109363,112,4124,10139,252097091,116,4109,nan
10140,256096076,120,4111,10141,252070203,111,4193,nan
10143,256035203,101,4125,10148,251045145,112,5A05,nan
10153,251048225,112,5A10,10161,257013431,106,4170,nan
10165,256106455,121,4117,10168,252077057,114,4125,nan
10169,252047249,113,4107,10171,257021016,113,5602,nan
10173,257041152,106,4130,10176,254024140,109,4201,nan
10177,251109433,117,4194,10180,256069066,121,4125,nan
10183,252016556,110,4214,10184,251142100,109,4201,nan
10188,251030195,113,4107,10190,252051079,116,412O,nan
10191,252105352,103,4125,10192,251159211,103,4125,nan
10195,255058298,114,4125,10197,255027087,114,4134,nan
10200,256145248,116,4126,10201,254030013,117,4194,nan
10202,255058206,106,4102,10208,256079075,114,4125,nan
10209,257049399,103,4125,10211,251017081,103,4125,nan
10213,253047022,111,4109,10217,257049265,113,4125,nan
10228,257026438,117,4194,10230,251118223,106,4130,nan
10231,251109193,106,4102,10233,256066006,112,4125,nan
10238,257005378,122,4110,10241,256076035,110,4214,nan
10247,251045062,106,4204,10250,251108099,108,4113,nan
10252,257034438,115,4107,10253,255053047,106,4130,nan
10254,255007472,108,4113,10256,253002127,114,4125,nan
10258,252104249,104,4139,10259,251142261,111,4193,nan
10260,252057022,116,4109,10263,251051201,118,4181,nan
10267,254035363,103,4125,10268,255029326,106,4130,nan
10269,257053114,116,4109,10271,257053089,115,4107,nan
10273,255023487,114,4125,10278,252071263,116,4109,nan
10280,256032491,120,4187,10282,251108263,113,4117,nan
10283,256169204,123,4144,10284,254039454,101,4125,nan
10288,255066241,106,4170,10290,251143677,110,4214,nan
10293,251149031,106,4125,10294,251043136,121,4125,nan
10295,251141423,112,4125,10296,255055150,106,4130,nan
10297,256133028,106,4102,10298,254015020,114,4107,nan
10300,251093014,106,4102,10301,251114033,106,4204,nan
10303,251068092,105,4109,10304,257050156,116,4126,nan
10309,254039167,116,412O,10314,252006199,117,4194,nan
10316,257009045,107,4107,10317,252066013,116,4126,nan
10318,253037333,112,4202,10327,251032109,103,410Y,nan
10329,256159258,116,4126,10330,251108144,117,4194,nan
10332,252021037,118,4110,10333,251060007,106,4125,nan
10335,251044176,121,4125,10346,252029046,113,4125,nan
10356,256051283,101,4125,10357,255063318,106,4102,nan
10359,256146225,107,4161,10360,254040235,114,4107,nan
10361,252047068,114,4134,10366,251042170,120,4187,nan
10372,251148118,109,4201,10380,251159329,111,4109,nan
10383,254058175,118,4111,10384,254004297,101,4125,nan
10385,257007092,104,4139,10390,252102265,122,4111,nan
10393,257043384,106,4130,10394,252050436,120,4111,nan
10396,256089244,120,4111,10397,251040157,113,4125,nan
10399,256140019,123,4110,10407,252032094,103,4117,nan
10409,251007293,123,4144,10411,255064320,116,412O,nan
10412,254055238,108,4107,10414,255063352,105,4109,nan
10416,252019450,105,4109,10417,257045197,106,4204,nan
10419,252079097,109,4109,10427,255021564,106,4130,nan
10431,252013272,122,4111,10435,251007569,102,4201,nan
10437,256091056,111,4193,10438,255064068,118,4111,nan
10439,256109457,103,410Y,10441,256040182,113,4125,nan
10445,252080134,113,4125,10451,252102134,101,4125,nan
10452,256158040,112,4125,10455,252097123,112,4124,nan
10458,254022435,105,4109,10462,252074117,108,4107,nan
10471,257001338,114,4117,10475,252032444,113,4107,nan
10476,251007348,112,4125,10482,257029282,109,4201,nan
10490,252099320,113,4136,10494,252073362,114,4117,nan
10498,253049417,106,4102,10499,251021072,105,4109,nan
10500,252038296,113,5607,10503,254012038,106,4202,nan
10506,256069323,120,4125,10507,254020321,105,4128,nan
10510,255021732,116,4126,10511,256096330,116,4126,nan
10514,254038202,114,4134,10518,252067068,105,4109,nan
10521,252009418,111,4109,10522,256098117,114,4117,nan
10528,254027138,116,4126,10530,256165351,106,4130,nan
10531,251049263,121,4125,10532,257020374,112,4125,nan
10538,256127184,101,4114,10542,253025017,115,4107,nan
10547,254007063,101,4125,10549,255053028,113,5607,nan
10551,254022307,116,4126,10552,256166116,105,4128,nan
10553,256169051,121,4125,10554,254047082,112,4125,nan
10556,251108046,113,5607,10561,252079336,114,4114,nan
10564,257051130,106,4102,10569,256156009,117,4125,nan
10576,254006229,117,4194,10582,252014011,117,4194,nan
10585,255060048,118,4110,10592,254027178,106,4130,nan
10600,256136167,103,410Y,10601,251046201,105,4128,nan
10605,257018012,106,4101,10606,251041083,117,4194,nan
10609,254017254,105,4109,10612,252056193,113,5607,nan
10617,252069118,105,4109,10621,256089195,120,4125,nan
10629,252053040,109,4103,10631,255005127,121,4125,nan
10632,253049479,116,4126,10634,256185047,112,4114,nan
10635,254003266,105,4109,10641,251030175,105,4109,nan
10643,257014478,111,4109,10645,251111152,117,4194,nan
10653,252013291,113,4136,10655,252026032,115,4107,nan
10656,252067319,103,410Y,10657,251051034,114,4117,nan
10662,251110449,118,4178,10663,251042042,105,4128,nan
10664,252004178,101,4125,10668,251110292,117,4194,nan
10674,251113072,106,4204,10676,252086170,106,4130,nan
10678,254056142,123,4144,10685,254065022,116,4126,nan
10691,251109145,116,4126,10693,251109168,105,4128,nan
10696,251061105,106,4204,10697,257037242,116,4126,nan
10699,251047098,116,4126,10703,256051264,118,4111,nan
10706,251137155,112,4125,10709,254003165,106,4102,nan
10710,252099299,106,4130,10715,251152035,111,4109,nan
10717,254034178,112,4125,10720,256106101,113,5607,nan
10725,257015010,122,4111,10727,256088094,117,4194,nan
10729,256028046,112,5F0A,10730,251033077,103,410Y,nan
10734,251001021,111,4193,10737,252101318,116,4126,nan
10741,252071016,111,4109,10748,255049028,112,5408,nan
10750,251143151,105,4128,10753,255065133,114,4109,nan
10755,257045366,106,4130,10756,252096256,108,4107,nan
10757,254039374,114,4107,10765,252082019,106,4130,nan
10774,254056111,116,412O,10776,254004218,106,4102,nan
10782,251002045,116,4126,10784,251101387,123,4144,nan
10787,257049610,101,4125,10791,257039187,116,4126,nan
10793,255050063,112,4125,10795,255066135,112,4125,nan
10796,257026043,111,4109,10798,252031567,115,4109,nan
10804,257026300,122,4111,10808,257004228,118,4178,nan
10814,257021126,108,4107,10815,251021279,117,4107,nan
10816,255032201,106,4102,10828,253004011,101,4125,nan
10829,251109050,111,4193,10832,257002114,115,4127,nan
10837,252104270,113,5607,10841,257006510,115,4111,nan
10842,255064423,116,4126,10846,254015187,105,4128,nan
10847,252102262,106,4102,10851,251052162,116,412O,nan
10852,251060092,117,4125,10853,252022061,122,4111,nan
10859,254028053,112,4125,10860,256051010,123,4110,nan
10863,251111243,101,4125,10864,257035053,109,4109,nan
10868,252024131,108,4107,10870,257053102,122,4111,nan
10871,251146248,116,4126,10875,252049120,123,4144,nan
10884,254002193,104,4139,10885,255066609,106,4102,nan
10891,252032213,101,4125,10894,255039009,114,4134,nan
10896,251108217,113,4136,10901,254037182,116,4106,nan
10905,252004349,115,4127,10909,256129020,107,4199,nan
10912,256159125,123,4144,10913,251047207,101,4125,nan
10915,251110372,123,4144,10918,252031654,114,4134,nan
10922,252059279,101,4109,10923,251113095,104,4139,nan
10925,256149038,118,4111,10929,251139049,116,4126,nan
10938,251118018,118,4111,10939,252046027,106,4204,nan
10948,251108334,106,4102,10949,257013229,116,4126,nan
10954,257028006,103,4109,10956,256103037,113,5607,nan
10960,254043264,111,4193,10962,257026458,105,4128,nan
10964,256181197,112,4124,10965,256166424,101,4114,nan
10968,252101049,104,412T,10974,252068231,116,4126,nan
10988,252058110,116,4126,10990,255066467,106,4102,nan
10997,255070172,116,410B,10999,252064041,117,4125,nan
11001,257023107,106,4102,11008,252092018,111,4193,nan
11014,252100339,113,4136,11021,255066240,114,4134,nan
11023,253018183,114,4117,11029,257004229,103,410Y,nan
11032,252102093,113,4117,11034,252093046,103,410Y,nan
11038,251022207,109,4109,11040,254003221,101,4125,nan
11042,257016195,112,4125,11045,256167403,123,4144,nan
11051,251050132,123,4144,11055,254028097,115,4111,nan
11060,256071084,112,4117,11063,252027397,118,4111,nan
11066,256110110,111,4193,11068,254033175,106,4102,nan
11070,251041095,109,4103,11089,252092069,105,4128,nan
11092,251059020,105,4128,11093,255066164,116,4126,nan
11094,255051282,122,4111,11095,252014164,105,4128,nan
11104,252029036,122,4110,11105,251044360,105,4128,nan
11106,257028063,113,5607,11108,257018163,112,4114,nan
11111,256050139,106,4102,11112,252099028,116,4126,nan
11115,252003084,113,5607,11126,251108400,105,4128,nan
11129,256121215,120,4125,11130,254002365,113,5607,nan
11131,252099136,116,4126,11132,252076013,109,4201,nan
11135,251136078,118,4111,11140,257018074,106,4107,nan
11142,255059056,114,4109,11147,252011023,114,4134,nan
11150,256113096,120,4125,11154,255015189,122,4111,nan
11158,254002048,104,4139,11160,255021084,106,4107,nan
11168,253035302,116,4126,11173,252083008,106,4107,nan
11174,256169044,107,4107,11181,256131157,101,4125,nan
11187,255004287,121,4125,11193,251147095,108,4211,nan
11209,253046099,101,4125,11214,252005374,106,4201,nan
11217,254017021,122,4111,11220,257018079,106,4107,nan
11222,251142567,112,4125,11232,251110384,106,4201,nan
11235,251141416,108,4107,11239,254012394,116,4106,nan
11244,252065317,103,4111,11247,252101156,109,4109,nan
11249,252038298,114,4109,11252,257043422,122,4111,nan
11253,256088046,118,4111,11261,256015124,110,4109,nan
11263,251044082,119,4125,11274,251049073,105,4128,nan
11281,252099376,114,4109,11300,252015133,116,4126,nan
11301,254001104,122,4125,11304,255055321,112,4107,nan
11306,251071649,116,4126,11308,251117371,101,4125,nan
11309,255066518,112,4117,11311,251071176,115,412W,nan
11313,251113003,118,4111,11319,251140050,106,4201,nan
11323,255064288,114,4109,11327,254035295,108,4107,nan
11328,254004222,106,4201,11329,252088166,106,4101,nan
11337,256058175,110,4109,11342,252032147,114,4107,nan
11346,251141516,104,412T,11347,257020471,108,4107,nan
11349,256069056,120,4125,11353,254007082,108,4107,nan
11355,257007126,103,411E,11358,251040173,106,4107,nan
11359,251148063,106,4210,11366,256086117,101,4125,nan
11367,251030177,106,4101,11368,252098063,122,4111,nan
11370,257037455,106,4210,11372,251134021,119,4110,nan
11379,255066127,114,4107,11380,255050088,116,412N,nan
11385,251066110,119,4110,11388,251110918,117,4125,nan
11389,251007736,104,4201,11390,257016221,116,412M,nan
11391,252061127,108,4107,11392,256069040,120,4125,nan
11397,251111239,106,4201,11398,251141663,116,4126,nan
11399,257033128,122,4111,11400,251137298,118,4111,nan
11404,251144022,110,4127,11407,252064094,109,4109,nan
11412,253015066,114,4107,11415,251142076,106,4210,nan
11416,256173015,101,4125,11421,255017501,110,4109,nan
11425,252018014,114,4107,11426,255068075,106,4210,nan
11427,251009007,108,4107,11434,252104194,116,4130,nan
11459,257026173,106,4210,11460,257019024,115,4127,nan
11464,251122223,115,4109,11469,251041003,118,4178,nan
11470,252071092,116,4130,11475,252011221,112,4125,nan
11483,254033098,108,4107,11491,257020160,115,4109,nan
11497,251118042,114,4117,11498,252047031,103,4117,nan
11499,256071058,118,4111,11500,252025195,118,4111,nan
11503,257049478,112,4125,11509,256165378,101,4125,nan
11516,252020075,118,4125,11519,251147104,114,4134,nan
11520,252092423,104,413A,11529,257015187,114,4107,nan
11530,256089066,110,4109,11533,254032433,101,4125,nan
11536,254063114,101,4125,11537,253049071,112,4107,nan
11538,251007126,118,4111,11540,257046123,114,4117,nan
11542,251145427,108,4211,11551,256096338,121,4125,nan
11557,252105326,116,410B,11558,252082228,109,4123,nan
11561,253004012,118,4111,11562,256095219,101,4125,nan
11567,254033064,121,4125,11577,251048105,106,4201,nan
11578,256078113,120,4125,11579,255067444,116,412M,nan
11580,257034016,114,4134,11582,252049141,116,4106,nan
11585,254012229,116,4173,11591,256011106,101,4127,nan
11592,251145193,118,4111,11594,254003140,101,4125,nan
11595,255067199,116,412M,11596,251050653,121,4125,nan
11597,255044067,101,4125,11600,251148068,112,4125,nan
11602,256148173,112,4117,11604,253037132,116,4173,nan
11609,251047132,112,4125,11617,251053025,118,4178,nan
11623,252008075,112,4125,11626,254011516,108,4107,nan
11633,251117547,101,4125,11637,255061192,112,4125,nan
11639,252004290,103,4109,11642,254019350,116,4106,nan
11647,252079224,115,4111,11652,257028388,116,410B,nan
11654,252035060,113,4109,11659,251136126,108,4193,nan
11662,257027210,108,4141,11667,257038308,116,4130,nan
11668,256005088,114,4134,11669,254030286,106,4201,nan
11670,253034144,112,4124,11678,255055434,101,4125,nan
11680,251141479,112,4125,11681,252085142,114,4134,nan
11683,254006055,108,4193,11687,257044076,109,4103,nan
11711,255020056,114,4117,11713,255067314,106,4201,nan
11715,256132062,112,4125,11721,251143019,123,4125,nan
11727,252025206,112,4125,11729,253019222,103,4117,nan
11732,251141133,122,4125,11734,255066361,106,4209,nan
11737,255063311,106,4105,11738,252042014,103,4117,nan
11739,256160054,121,4125,11743,252047018,114,4109,nan
11750,252053156,113,4109,11756,252052076,116,4106,nan
11757,257027682,108,4141,11758,253018411,112,4125,nan
11766,256098161,121,4117,11767,256155073,114,4114,nan
11771,251111160,116,412N,11774,257054265,116,4130,nan
11781,255055432,114,4189,11789,257039299,117,4125,nan
11790,251111021,114,4107,11792,251004231,110,4109,nan
11803,256145216,114,4189,11810,251153071,106,4201,nan
11811,252048116,117,4125,11818,251145183,118,4125,nan
11826,251049150,121,4125,11828,251146073,117,4117,nan
11828,255064052,114,4107,11837,255067260,104,412T,nan
11843,252058098,116,4106,11845,252039102,106,4201,nan
11846,251040122,118,4178,11848,254030069,115,4109,nan
11850,251117223,106,4210,11872,252102031,113,4109,nan
11874,254012284,107,4107,11875,252047361,114,4107,nan
11883,251042399,106,4210,11888,251061055,110,4109,nan
11893,251050715,114,4114,11898,251078031,114,4107,nan
11901,254025162,117,4107,11902,256180033,110,4109,nan
11908,255017490,112,4107,11909,256070162,121,4125,nan
11910,257043244,114,5C02,11913,254002247,117,4125,nan
11917,256046092,112,4117,11923,257045421,109,4123,nan
11926,254001445,114,4107,11933,252052181,106,4201,nan
11946,251007211,103,4117,11949,255064590,101,4127,nan
11955,252021170,118,4178,11957,252081416,115,4111,nan
11962,252101046,114,4134,11964,257035017,112,4107,nan
11965,257044196,106,4201,11968,254004275,112,4107,nan
11973,252075155,108,4141,11980,252076172,114,4107,nan
11982,257049125,108,4113,11984,252006070,115,4111,nan
11994,254011052,117,4198,11998,252013222,117,4107,nan
12004,252080151,106,4202,12005,253015142,115,4127,nan
12007,256032292,108,4113,12011,252101112,106,4210,nan
12015,251040044,123,4124,12017,254036048,116,412M,nan
12018,252038081,106,4201,12032,252014171,117,4125,nan
12033,251024089,106,4209,12034,251141170,106,4101,nan
12039,251142367,112,4107,12040,254005349,113,4109,nan
12041,257027069,116,4107,12043,251147077,116,412N,nan
12046,255058358,114,4134,12048,251108464,106,4209,nan
12056,254050047,118,4178,12090,254006129,122,4125,nan
12096,252034203,106,4210,12097,256061015,120,4187,nan
12099,256126115,121,4125,12110,257017245,103,4117,nan
12134,253008102,113,4109,12136,252026082,114,4134,nan
12139,256125258,118,4178,12143,256046129,121,4125,nan
12145,252006414,108,4211,12146,254046049,115,4109,nan
12151,252067227,114,4134,12152,254002091,116,4106,nan
12161,252080280,117,4107,12163,252105279,104,4201,nan
12169,251056015,118,4178,12175,254014143,117,4107,nan
12186,251122074,108,4193,12187,256057299,118,4110,nan
12194,251113018,106,4201,12199,255065208,114,4134,nan
12203,255066506,112,4117,12204,256069193,112,4117,nan
12206,251007722,123,4125,12208,251137160,114,4134,nan
12211,256159077,119,4110,12212,251108090,116,4106,nan
12214,257041195,116,412N,12215,255067089,112,5A09,nan
12216,257013147,116,4106,12217,256069411,104,412T,nan
12221,256069446,120,4125,12224,257040351,108,4141,nan
12230,257052044,115,4109,12232,256055184,114,4114,nan
12239,251003109,108,4141,12241,255061101,106,4210,nan
12243,251110340,116,4106,12248,256055376,101,4109,nan
12250,252031607,117,4117,12254,252062005,118,4178,nan
12256,256127289,114,4109,12260,252028021,103,411D,nan
12265,255065282,115,4127,12267,252017257,122,4125,nan
12277,252022092,108,4141,12278,252042044,106,4210,nan
12286,251141382,114,4134,12293,252082222,116,4130,nan
12295,251067124,101,4117,12303,252085275,106,4210,nan
12312,254015191,116,4106,12315,255017088,109,4123,nan
12321,251118171,106,4201,12323,252102242,115,4109,nan
12326,252098249,114,4134,12330,256138108,107,4109,nan
12332,254025222,103,4109,12333,251135086,114,4134,nan
12337,252073038,108,4193,12342,255066593,116,4106,nan
12343,257049172,106,4210,12346,257016725,103,4109,nan
12348,251119217,115,4109,12350,252032271,103,4109,nan
12351,251142484,117,4107,12357,251025035,113,4194,nan
12362,251123134,112,4114,12365,255021802,120,4125,nan
12366,251007054,123,4125,12367,257013036,114,4134,nan
12368,252051200,115,4109,12371,256004098,112,4117,nan
12378,252050393,103,4109,12380,256109639,116,412N,nan
12382,254039189,116,4106,12386,255023106,116,4173,nan
12387,256150194,101,4117,12391,252051116,101,4117,nan
12396,254016070,106,4210,12398,254040108,116,4106,nan
12405,251044316,123,4124,12413,256046079,114,4134,nan
12429,251136152,114,4109,12432,255027005,116,410B,nan
12443,257017327,106,4210,12449,257013115,116,412N,nan
12450,251142405,115,4109,12455,251002050,123,4125,nan
12462,254008089,101,4117,12466,256089273,101,4117,nan
12467,252081389,114,4109,12473,256046163,120,4125,nan
12479,251051156,113,4194,12485,253022115,114,4134,nan
12486,251085100,103,4109,12488,253023290,115,4109,nan
12491,252031478,108,4193,12493,254037170,108,4141,nan
12496,257018235,103,411E,12498,256087118,119,4125,nan
12506,251004131,106,4209,12508,255064145,120,4125,nan
12510,254020055,114,4134,12513,254052187,119,4125,nan
12518,251001011,112,4107,12519,251109434,116,4173,nan
12525,252099404,115,413B,12528,256127212,105,4125,nan
12536,251070241,116,4130,12546,256057030,114,4134,nan
12548,257022010,113,4109,12549,257027678,116,4130,nan
12557,257049589,106,4209,12560,257020421,106,4209,nan
12572,257054300,116,4106,12577,256028373,114,4189,nan
12582,252058248,116,412M,12587,257020387,117,4107,nan
12588,257039451,116,410B,12593,251060038,121,4109,nan
12598,251043099,120,4125,12599,254041082,108,4141,nan
12600,255063441,112,4117,12605,255012081,112,4109,nan
12606,256133157,120,4125,12610,254030423,119,4125,nan
12615,251091442,112,4117,12632,255058016,112,4117,nan
12634,256153082,118,4110,12639,252102168,106,4105,nan
12640,255022033,116,4106,12641,252100062,114,4134,nan
12644,255027294,116,4106,12646,252099335,103,4143,nan
12647,257026042,116,4106,12652,251058084,119,4124,nan
12653,257022169,108,4141,12655,256071232,110,4132,nan
12666,252031412,103,4109,12668,251065037,117,4117,nan
12671,257028031,118,4125,12674,257027233,116,4130,nan
12675,251042392,110,4132,12682,251050282,106,4209,nan
12689,252107059,105,4107,12694,254035160,109,4109,nan
12696,256138131,112,4107,12699,256042105,117,4125,nan
12709,255047208,114,4134,12710,252064279,112,4202,nan
12716,252049223,116,4130,12718,256106088,106,4122,nan
12719,251032058,111,4125,12721,254029487,116,410B,nan
12733,256109171,106,4202,12735,255005336,114,4114,nan
12736,253026262,114,4189,12737,255070016,106,4122,nan
12740,251007721,108,4193,12743,256086122,120,4111,nan
12745,252030128,116,4107,12746,253019354,112,4107,nan
12748,251004107,114,4109,12754,251007420,108,4193,nan
12757,256077083,112,4117,12758,256009063,106,4209,nan
12759,254006098,116,412N,12771,252030158,117,4117,nan
12775,251050706,116,412M,12780,251061183,119,4125,nan
12781,251141688,123,4125,12787,251045248,114,4131,nan
12790,252051101,122,4125,12798,251048047,123,4114,nan
12799,256106431,121,4107,12802,254011142,114,4114,nan
12804,251057121,106,4105,12814,252013348,106,4209,nan
12818,256098286,110,4132,12822,251007124,112,4107,nan
12833,252053402,114,4130,12837,252080275,116,4173,nan
12839,255068054,114,4189,12842,251058086,113,5101,nan
12844,254005427,114,4130,12847,252102189,116,4106,nan
12848,252103022,106,4209,12858,256184074,114,4109,nan
12859,251136069,116,4106,12869,256145451,119,4125,nan
12877,252032274,106,4202,12886,251143692,116,4130,nan
12889,251050668,112,4117,12891,252102375,115,4127,nan
12893,252060330,103,4109,12896,251050656,118,4110,nan
12897,255066174,112,4107,12903,251007356,116,412M,nan
12915,256096423,121,4117,12925,251046085,107,4199,nan
12942,257030099,116,4130,12944,256102074,116,4130,nan
12948,257029087,103,411D,12949,256119064,106,4122,nan
12954,255026170,103,4109,12957,256125076,116,4130,nan
12961,254034190,116,4106,12962,252085250,114,4114,nan
12980,251042035,123,4125,12986,255066297,112,4117,nan
12987,253025327,112,4109,12991,257023467,106,4209,nan
12992,256162049,112,5410,12995,255067025,112,5410,nan
12997,253010065,114,4114,13000,257054085,122,4124,nan
13004,254015111,118,4125,13015,257034396,116,4106,nan
13018,254063146,114,4130,13022,255036199,118,4125,nan
13029,257016379,122,4117,13033,257005109,108,4141,nan
13039,254010047,118,4181,13041,253003337,112,4107,nan
13045,251159070,119,4125,13048,257042043,116,4173,nan
13050,252082347,112,4107,13051,254005411,116,4106,nan
13055,253022780,112,4202,13056,255037238,101,4127,nan
13057,253003496,116,4173,13063,251060013,117,4108,nan
13064,252059105,116,4106,13073,256051497,112,4114,nan
13074,252033200,115,4111,13075,254008082,116,4173,nan
13080,252102186,106,4209,13091,256099131,106,4209,nan
13097,252007132,119,4125,13103,254014076,116,4130,nan
13105,251143278,115,412W,13106,252046213,108,4143,nan
13107,254005163,108,4141,13123,254031360,112,4107,nan
13127,252093098,103,4143,13128,251110735,117,4117,nan
13133,253031012,122,4124,13136,256152052,116,4130,nan
13137,252099347,114,4189,13141,256028137,101,4111,nan
13142,255021501,116,4130,13148,252091064,116,4130,nan
13158,252038207,112,4107,13161,251131145,119,4125,nan
13166,254015157,113,4109,13169,251004264,119,4125,nan
13175,251114084,112,4107,13180,256109209,123,4117,nan
13185,251023121,119,4125,13193,252081344,109,4109,nan
13200,252027312,118,4125,13211,256050028,114,4109,nan
13219,255029233,116,4130,13223,251066216,106,4209,nan
13244,255023412,106,4209,13246,255021404,119,4125,nan
13250,255048048,112,4202,13251,252033316,106,4209,nan
13255,252106013,116,412M,13257,252030095,115,4111,nan
13259,256057367,114,4109,13269,254016204,116,4173,nan
13273,257030270,116,4130,13278,255029169,109,4109,nan
13280,251110519,108,4193,13282,251103042,117,4198,nan
13284,251067084,123,4144,13288,251142397,116,4130,nan
13298,251113140,108,4113,13301,256106305,121,4107,nan
13303,251082209,112,4107,13308,251110417,112,4107,nan
13310,251112029,111,4125,13314,255041141,101,4109,nan
13316,255056191,114,4109,13317,257026282,115,4127,nan
13324,251045206,107,4191,13325,253019055,112,5F0A,nan
13327,256042075,116,4173,13330,257049420,108,4143,nan
13331,254046062,114,4109,13336,252016506,116,4173,nan
13337,252027345,114,4109,13348,251108008,118,4125,nan
13350,257027590,108,4211,13359,257044039,109,4109,nan
13361,255027370,109,4123,13362,256058226,119,4125,nan
13365,254043102,116,4130,13368,251042276,119,4124,nan
13370,254012092,116,4130,13374,251004442,108,4111,nan
13386,257027662,122,4107,13392,252005181,118,4125,nan
13394,253030149,112,4109,13395,252054013,119,4125,nan
13399,256166037,112,4107,13400,252005209,123,4117,nan
13401,254004416,114,4109,13409,255023053,114,4130,nan
13414,251115032,111,4125,13422,252099147,114,4189,nan
13424,251147214,116,4173,13425,257039445,103,4213,nan
13431,254042473,108,4211,13434,251142321,117,4109,nan
13439,252027340,108,4141,13444,252092363,112,4202,nan
13449,252082212,112,4108,13451,251050484,119,4125,nan
13452,251147102,116,4173,13455,252081080,109,4109,nan
13469,252060327,116,4130,13498,256133055,101,4111,nan
13500,253012281,103,411D,13511,256109084,114,4189,nan
13516,251110402,106,4209,13518,251109023,108,4143,nan
13520,253016238,106,4209,13535,252061119,112,4109,nan
13542,255063390,112,4107,13549,257034274,108,4141,nan
13556,251143154,109,4123,13558,256146296,109,4109,nan
13563,254016038,116,4130,13566,251108135,111,4107,nan
13567,252034009,103,4143,13577,257001150,112,5407,nan
13583,251110289,103,411D,13589,252060319,108,4141,nan
13596,252103250,103,411D,13602,256160403,121,4111,nan
13612,252105154,122,4125,13620,256062178,113,5101,nan
13622,255030606,114,4130,13624,252034062,113,4109,nan
13633,257016213,113,4109,13635,255018345,116,4173,nan
13637,254037211,116,4130,13641,257049066,122,4125,nan
13642,256196106,114,4109,13645,257051069,108,4143,nan
13650,254028050,115,4111,13673,254033414,112,4107,nan
13675,253003612,114,4109,13680,254011251,106,4127,nan
13682,252102273,114,4130,13683,253037180,112,4108,nan
13685,257050128,106,4209,13687,251159326,123,4125,nan
13688,252076096,102,4215,13692,256098242,108,4193,nan
13695,251145442,108,4143,13697,252046293,116,4130,nan
13700,255068118,116,4130,13701,252010437,114,4109,nan
13702,252015163,108,4143,13714,252067213,112,4107,nan
13715,254033314,112,4107,13720,257026207,112,4202,nan
13721,251014220,106,4122,13722,252014295,115,4127,nan
13727,257006047,103,4111,13733,256052159,114,4111,nan
13735,251108367,114,4109,13737,256051281,121,4107,nan
13750,257019163,115,4111,13753,255067287,114,4189,nan
13755,252058170,114,4109,13761,251116012,102,4215,nan
13764,251141445,108,4143,13769,256039415,121,4111,nan
13770,256109236,106,4127,13771,252070016,112,4127,nan
13772,257029207,114,4111,13773,254044158,112,5A06,nan
13774,254011389,117,4117,13777,251142304,115,4127,nan
13778,251142541,114,4109,13780,257020398,107,4109,nan
13793,252102149,116,4130,13799,252079188,103,4109,nan
13811,252066081,116,4130,13817,252029010,115,4111,nan
13818,251057141,116,4130,13820,251050562,121,4107,nan
13824,256166377,114,5C02,13830,254012248,108,4141,nan
13860,252065021,116,4173,13863,251110121,123,4125,nan
13865,252083087,113,4109,13866,256095352,123,4125,nan
13875,254012154,106,4109,13876,254011628,108,4143,nan
13890,256169043,121,4109,13894,252014138,101,4127,nan
13905,251105321,123,4125,13910,257003063,113,4109,nan
13917,252089166,105,413I,13918,252092446,108,4193,nan
13924,257005152,105,413I,13930,251054019,123,4125,nan
13933,255063293,114,4131,13939,254012226,103,4109,nan
13942,252081427,105,4125,13944,251115099,115,412W,nan
13949,256071039,103,411D,13951,254022014,116,4173,nan
13954,252092352,108,4141,13955,251003139,103,4109,nan
13957,252105410,116,4130,13965,252038369,108,4141,nan
13968,251006129,116,4130,13969,257005013,108,4143,nan
13976,251015012,108,4193,13983,253026118,108,4141,nan
13984,257014077,101,4109,13986,257034134,122,4125,nan
14003,256021146,121,4109,14009,251136130,116,4130,nan
14011,257026483,108,4141,14012,257038110,122,4125,nan
14017,254019413,116,4107,14024,256038004,118,4125,nan
14028,252098247,122,4125,14036,257045048,115,412W,nan
14044,256035001,121,4107,14045,255026122,116,4173,nan
14049,252081074,116,4125,14050,256025031,101,4109,nan
14058,255041171,114,4189,14063,255064584,118,4125,nan
14067,252059229,101,4109,14068,256043477,101,4111,nan
14069,251017087,113,4109,14070,255021559,106,4122,nan
14083,257040285,114,4130,14087,256069027,114,4130,nan
14093,252016646,103,4109,14095,254064103,114,4130,nan
14096,251002061,116,4130,14098,257029153,118,4114,nan
14105,254016283,114,4130,14106,257040162,116,4173,nan
14109,256069090,120,4109,14112,251114087,110,4132,nan
14114,252001140,105,4117,14119,252067078,116,4130,nan
14131,252098049,113,4109,14138,252024205,103,4143,nan
14139,254032057,116,4173,14143,257044320,116,4130,nan
14145,252075104,114,4189,14147,251111278,111,4125,nan
14150,251142251,111,4107,14155,255027304,114,4130,nan
14156,252104087,116,4173,14157,253030098,112,5A04,nan
14159,252081510,116,4107,14160,257021136,108,4113,nan
14169,251110606,108,4143,14177,251110856,110,4132,nan
14179,251050294,103,411D,14184,252032395,114,4189,nan
14186,256174225,121,4107,14189,251129090,103,411D,nan
14212,252056001,114,4130,14219,254020324,103,4143,nan
14229,254002253,116,4130,14243,252025298,116,4130,nan
14244,256039273,118,4125,14247,251094205,122,4125,nan
14249,255027279,114,4189,14255,255055437,103,4109,nan
14259,256106479,123,4117,14260,251137099,116,4173,nan
14274,252064380,103,4109,14275,257021071,123,4117,nan
14278,254019068,103,411D,14280,256165527,123,4117,nan
14289,254056120,114,4130,14301,252041049,108,4141,nan
14303,257027615,116,4173,14304,251110484,106,4127,nan
14318,256070302,106,4127,14321,256198095,114,4111,nan
14326,252093033,108,4193,14337,256060023,101,4109,nan
14340,257033081,118,4125,14349,252077119,103,411D,nan
14351,254038182,117,4108,14357,251042329,108,4193,nan
14361,252064178,116,4173,14365,257004329,122,4125,nan
14368,251039118,103,411D,14369,256045110,101,4109,nan
14372,257030065,114,4119,14374,252096231,112,4144,nan
14377,252024081,111,4107,14379,257029283,108,4143,nan
14403,257016663,103,4111,14405,256043174,123,4125,nan
14408,257033004,108,4111,14410,251155034,105,4125,nan
14416,257017255,112,4108,14420,254011595,106,4109,nan
14421,251007261,108,4211,14422,251122190,123,4117,nan
14423,255064225,114,4189,14424,253008140,112,4109,nan
14428,256166358,123,4117,14433,251155045,123,4125,nan
14435,252003180,112,4109,14439,257053123,115,412W,nan
14447,252099135,116,4173,14450,255066143,108,4211,nan
14453,252006409,122,4125,14457,255068150,114,4131,nan
14467,252099372,112,4108,14475,257027343,108,4193,nan
14477,254042115,118,4125,14479,254043490,105,4107,nan
14480,251146243,115,412W,14482,252097063,119,4124,nan
14488,251052089,114,4130,14489,252080269,108,4193,nan
14495,255059082,112,4109,14499,254004213,114,4131,nan
14500,252092319,114,5C02,14504,253049597,113,4194,nan
14505,251017122,112,4108,14508,252021148,118,4125,nan
14510,252038386,114,5C02,14511,252100140,108,4111,nan
14512,251110808,114,5C02,14514,251049252,108,4193,nan
14521,252010096,112,4109,14522,251004053,112,4108,nan
14525,251052029,110,4132,14531,257054276,108,4143,nan
14538,251156057,123,4117,14567,256168296,123,4125,nan
14569,257038187,114,4131,14571,252027131,123,4125,nan
14572,251105349,101,4109,14576,255021728,117,4108,nan
14586,251122193,123,4125,14588,251045264,116,4125,nan
14599,256115079,121,4109,14601,251060045,123,4125,nan
14622,256132013,112,521Q,14638,257050199,118,4125,nan
14644,251041063,108,4143,14654,252055063,103,4111,nan
14658,256130210,107,4161,14662,252092403,108,4143,nan
14665,255065004,110,4204,14666,251046041,121,4111,nan
14675,252105283,114,4130,14683,256043177,118,4125,nan
14691,256006149,114,4130,14702,256146058,118,4125,nan
14712,256133068,112,4127,14714,255030451,114,4130,nan
14716,254055328,112,4109,14717,251137296,109,4103,nan
14718,255021454,114,4130,14722,251157163,123,410D,nan
14729,252105129,103,4143,14731,251113017,123,4125,nan
14732,252092026,103,4143,14740,251132070,106,4109,nan
14744,256071189,123,4125,14745,254004178,118,4125,nan
14747,256155037,112,4144,14749,255028040,112,5415,nan
14758,251108190,116,4107,14766,256157047,112,5A04,nan
14772,252006087,112,4109,14773,252057187,123,4125,nan
14779,257050184,122,4124,14782,255063118,103,4143,nan
14787,256125238,119,4124,14788,252050465,118,4125,nan
14794,251145004,116,4125,14807,257001101,115,4125,nan
14809,254033151,103,4143,14810,254016287,114,5C02,nan
14811,256042292,114,4111,14815,256174265,106,4109,nan
14818,251021407,118,4114,14823,251144045,122,4117,nan
14831,255022215,114,4130,14841,257045409,106,4105,nan
14844,256070014,120,4109,14852,252102356,123,4125,nan
14862,254042300,112,4127,14865,252104245,112,4108,nan
14870,255023277,114,4130,14873,251117106,114,4119,nan
14875,252038052,114,4189,14876,252031648,101,4109,nan
14878,251110584,110,4132,14879,251138081,103,4143,nan
14880,252103080,121,4111,14882,254011187,114,5C02,nan
14886,257015171,105,4125,14887,257036004,101,4109,nan
14896,252100278,103,4111,14898,257045389,117,4108,nan
14907,255049042,101,4109,14908,256097040,114,4119,nan
14916,251041091,121,4107,14920,251148012,118,4161,nan
14922,256060029,121,4107,14926,252089348,106,4109,nan
14937,252092247,114,4130,14939,251113179,108,4212,nan
14954,257027159,112,4144,14957,257044178,122,4117,nan
14960,256071091,120,4125,14970,255056052,101,4111,nan
14974,251046015,114,4130,14976,252032269,108,4211,nan
14978,257006272,112,4109,14981,251138086,123,4117,nan
14984,254012045,103,4111,14986,255070075,106,4109,nan
14987,257002159,112,4109,15007,252082147,107,4109,nan
15010,257023468,112,5415,15013,252027047,106,4109,nan
15019,255037116,101,4109,15026,251045003,101,4127,nan
15027,253002018,108,4211,15028,251047290,123,410D,nan
15034,256016061,108,4193,15037,256139167,107,4109,nan
15042,252104154,112,5406,15054,252058324,112,4109,nan
15060,256006144,121,4111,15066,255006396,112,4108,nan
15079,257001151,115,4125,15081,252031505,106,4127,nan
15088,251139008,112,4108,15090,251018007,112,4109,nan
15130,256070157,120,4109,15135,251115192,114,4130,nan
15137,251115120,116,4117,15144,255021709,106,4109,nan
15146,255064416,112,4108,15148,255006477,101,4109,nan
15160,251158062,107,4109,15160,251143298,112,4108,nan
15165,252103018,114,4131,15185,251145403,108,4211,nan
15189,256140107,114,4130,15190,252103092,122,4117,nan
15195,251109126,116,4125,15197,254037082,114,4131,nan
15199,257021054,108,4143,15200,251054175,112,4109,nan
15201,255032062,112,4109,15202,255064486,114,4130,nan
15209,255029296,121,4107,15217,255051174,114,4130,nan
15218,257004236,122,4117,15219,253006028,112,4109,nan
15221,251137078,112,4108,15223,251109031,113,5303,nan
15225,252016514,112,4109,15230,257040068,112,4109,nan
15233,251042425,114,4119,15249,257013083,101,4109,nan
15251,257013325,120,4109,15254,257037133,101,4109,nan
15258,251061016,106,4127,15260,255027351,114,4130,nan
15272,256061322,106,4109,15278,251144025,108,4143,nan
15284,252089119,116,4125,15297,251139169,106,4127,nan
15300,257045297,114,4130,15305,252056393,122,4107,nan
15307,252030065,113,4194,15313,256042286,116,4125,nan
15325,255064262,101,4127,15341,254014287,105,4125,nan
15349,251109459,112,4109,15353,256071184,123,4117,nan
15379,254037078,116,4125,15381,251042100,112,5A04,nan
15388,256028019,114,4111,15393,254059152,112,4109,nan
15400,252074062,112,4109,15406,251111133,112,4108,nan
15413,253041007,114,4130,15421,254011459,117,4194,nan
15422,251141265,105,4125,15426,251055005,117,4194,nan
15439,252071175,101,4127,15443,251042282,107,4191,nan
15448,251047145,122,4109,15455,251004188,114,4130,nan
15463,252032083,122,4107,15488,252010097,108,4212,nan
15493,254014324,113,4127,15504,256169467,107,4161,nan
15505,252033008,122,4107,15513,257014557,116,412N,nan
15515,255027139,121,4107,15516,254058075,122,4107,nan
15539,251003214,114,4119,15540,256047235,101,4109,nan
15543,254047148,109,4204,15551,252009211,114,4131,nan
15557,251109328,123,410D,15564,252088044,117,4109,nan
15570,257014293,112,5407,15571,251148030,121,4107,nan
15577,251110726,112,5412,15578,251145091,114,4119,nan
15584,252006059,122,4117,15596,256097053,110,4204,nan
15597,252098184,122,4107,15600,255021497,101,4109,nan
15601,256109583,121,4107,15605,251110668,101,4109,nan
15616,251042056,116,4117,15618,254004402,114,4111,nan
15626,252014098,113,4127,15630,255061190,101,4109,nan
15633,255024068,114,4131,15636,251136006,121,4107,nan
15647,251039419,123,410D,15649,256058269,101,4109,nan
15658,251111167,111,4109,15659,252072018,116,4107,nan
15663,252036023,116,4125,15670,254006160,116,4107,nan
15683,252078118,114,4119,15685,255064313,112,4127,nan
15697,255032054,121,4109,15698,252020387,122,4107,nan
15701,251142373,117,4194,15704,254005475,101,4109,nan
15727,256074060,110,4214,15732,257021112,122,4107,nan
15736,256043162,101,4109,15758,251112057,117,4109,nan
15773,252087031,116,4125,15774,256057424,123,4114,nan
15776,256069048,120,4109,15779,255067217,106,4133,nan
15785,257007187,122,4107,15802,252053019,101,4109,nan
15804,251044071,112,4144,15805,252100265,117,4194,nan
15806,254002008,122,4109,15813,256098412,122,4107,nan
15815,254011288,117,4108,15816,251071495,123,4114,nan
15819,251004265,101,4109,15821,256043320,101,4111,nan
15841,252093133,122,4117,15844,257014042,114,5C02,nan
15845,251130395,101,4109,15856,252081158,101,4109,nan
15862,254011121,122,4107,15891,251051143,114,5H0A,nan
15892,251124135,101,4127,15893,252046258,114,4119,nan
15900,251092306,113,4127,15903,255021184,114,5C02,nan
15905,251003221,101,4109,15907,257040148,101,4109,nan
15908,253049413,116,4107,15912,251048184,101,4109,nan
15917,254039331,122,4117,15919,252027041,117,4194,nan
15920,257016090,116,4125,15922,254014266,114,4131,nan
15935,255010058,114,4111,15944,251007323,114,4131,nan
15944,256073006,120,4109,15947,251120183,123,410D,nan
15962,256059236,107,410B,15973,251109388,116,4107,nan
15982,256004364,101,4109,15992,256071112,106,4133,nan
15996,251117070,123,410D,15997,251144038,123,4114,nan
15999,254029299,122,4107,16000,251022157,116,4125,nan
16004,252081054,113,4127,16009,255013099,101,4111,nan
16012,252101019,113,4127,16016,252035175,113,4127,nan
16021,251111230,113,4127,16023,254019329,117,4109,nan
16032,255021843,114,4131,16039,251045048,116,4107,nan
16040,251007661,112,4127,16041,254064028,112,4127,nan
16042,251108351,112,5412,16044,255010097,101,4109,nan
16045,251141340,104,412T,16046,256053298,118,4114,nan
16048,251048195,114,4131,16058,251143663,116,412N,nan
16060,251110641,116,4125,16067,257040402,112,4127,nan
16071,251142617,101,4109,16082,254055222,103,4213,nan
16086,251121061,114,4111,16087,251159085,114,5C02,nan
16095,255063109,112,4127,16096,254009089,122,4109,nan
16098,251109298,123,4144,16100,251023197,111,4107,nan
16113,252026027,116,4125,16114,251043013,101,4109,nan
16126,256121342,123,4141,16156,256147076,101,4109,nan
16163,252008009,112,5406,16174,254034359,112,4127,nan
16182,251125066,123,4141,16191,255036038,118,4114,nan
16198,251047233,123,5609,16206,257037198,121,4109,nan
16211,252032077,113,5101,16218,257031077,101,4127,nan
16219,251038207,112,4127,16223,254054112,114,5307,nan
16229,251110056,101,4127,16234,252022116,114,5307,nan
16244,257013281,114,4119,16252,256043349,104,4201,nan
16255,256029080,116,4107,16260,257002283,119,4111,nan
16268,256177066,101,4127,16284,257016488,122,4107,nan
16286,254021011,114,5C02,16294,257020055,122,4109,nan
16299,251042439,121,4117,16309,252091067,117,4109,nan
16313,252049028,120,4109,16317,255059124,103,4213,nan
16321,256149271,114,4131,16324,251110713,121,4109,nan
16327,251137043,106,4133,16328,252017090,113,5101,nan
16335,256071257,114,5306,16336,256043346,114,4111,nan
16349,251109402,114,5C02,16351,254030218,114,5C02,nan
16356,253041058,123,410D,16357,254045049,120,4109,nan
16363,257044278,123,410D,16370,252082324,123,410D,nan
16373,252025014,105,4107,16376,251092198,114,4131,nan
16381,255063552,114,4119,16385,257017044,117,4109,nan
16388,256061309,121,4109,16394,252052036,114,5H2B,nan
16406,253013064,112,5A03,16409,255018332,112,4127,nan
16413,252019374,112,4127,16418,254004007,114,4119,nan
16424,256121076,112,4127,16434,251108493,112,4127,nan
16444,252079182,116,4107,16450,257034259,116,4107,nan
16455,251120056,121,4109,16470,253025248,120,4109,nan
16472,256078118,106,5101,16480,252030300,117,4109,nan
16482,255036028,105,4125,16486,251109390,120,4109,nan
16491,252010214,114,4119,16504,254065381,116,4125,nan
16510,254027070,112,4127,16529,252062127,123,5609,nan
16533,254065166,120,4109,16536,251109059,114,5C02,nan
16540,252013437,121,4109,16542,256096433,121,4125,nan
16543,254054060,114,4131,16548,252035013,121,4109,nan
16551,257051089,122,4109,16557,257018270,114,5C02,nan
16561,254018015,114,4119,16566,251029031,108,4212,nan
16569,256060190,114,4131,16579,256044134,114,4131,nan
16581,257028059,116,4125,16596,255066092,113,5101,nan
16599,257016071,122,4124,16608,255039201,114,5C02,nan
16635,256010058,114,5C02,16648,255064515,109,4204,nan
16650,256168416,116,4125,16657,251115153,120,4109,nan
16658,257001011,122,4109,16660,252024152,116,4107,nan
16662,256190005,117,4109,16664,252098106,114,4119,nan
16667,251111317,117,4109,16680,257020166,123,410D,nan
16699,256021080,118,4161,16702,255019082,114,5C02,nan
16704,252031151,114,4119,16705,251110448,112,5A03,nan
16709,251003023,111,4109,16727,254014240,105,4109,nan
16742,257052074,117,4109,16749,256095633,108,4143,nan
16752,252058277,114,4119,16753,257004321,120,4109,nan
16764,252058027,114,5307,16768,254032120,123,4141,nan
16770,251047318,114,5C02,16780,254002167,112,5416,nan
16782,252079353,122,4109,16793,252031540,122,4111,nan
16802,252079223,113,5303,16806,252081183,112,5413,nan
16812,251142394,103,4213,16815,254003208,112,5A03,nan
16820,256080090,106,4133,16833,252105373,122,4193,nan
16835,254038040,118,4161,16848,256160294,105,4117,nan
16852,251136237,116,4126,16861,255070019,105,4109,nan
16882,252019307,118,4161,16885,251108209,119,4111,nan
16890,256070117,114,4125,16904,252005026,122,4109,nan
16906,251074079,114,5306,16910,255006305,123,4141,nan
16913,257014113,116,4109,16926,252082279,103,4213,nan
16930,256166381,116,4117,16935,256006103,121,4125,nan
16940,252080214,116,4109,16941,254027268,118,4161,nan
16951,255030303,123,4141,16954,252104323,122,4109,nan
16957,256097210,123,5609,16959,251052003,123,4125,nan
16970,256148198,103,410Y,16975,252025123,115,4125,nan
16980,254016280,104,4201,16983,255063093,107,410B,nan
16986,255021401,114,4125,16995,251049283,118,4161,nan
16996,252098206,109,4204,17044,254011372,106,4133,nan
17045,257050208,122,4193,17048,255066472,122,4109,nan
17055,257052187,123,4141,17056,252064487,103,4213,nan
17058,251109016,113,5101,17064,251026056,123,4141,nan
17068,252080082,108,4125,17077,256109131,123,5609,nan
17105,254011397,108,4212,17116,257013050,114,5H0A,nan
17144,255036188,101,4125,17145,255023234,114,5H2B,nan
17158,252034071,106,5101,17188,252016439,108,4212,nan
17190,255036013,103,4213,17194,255069135,112,5416,nan
17200,252013446,122,4109,17210,257050081,122,4109,nan
17223,251110408,114,5307,17249,254030387,116,4109,nan
17253,251071101,123,5609,17255,257037348,114,5H2B,nan
17257,257020478,115,4125,17263,257040339,122,4109,nan
17272,252026040,116,4126,17296,255021059,116,4126,nan
17303,257018297,105,4109,17306,254012381,106,4102,nan
17336,256169416,123,5609,17342,257006227,103,4213,nan
17360,255021575,118,4161,17362,252106037,114,5307,nan
17371,257027107,123,4141,17372,256061100,113,5607,nan
17373,252079313,106,4102,17374,255018334,106,4102,nan
17377,251014005,111,4109,17387,252016552,114,5307,nan
17388,252093109,108,4212,17390,251040057,123,4141,nan
17395,252026024,123,5609,17403,252016095,103,4213,nan
17404,251071661,114,5H0A,17413,255055032,109,4204,nan
17419,251044161,116,4126,17427,251143178,118,4161,nan
17428,254006089,106,4133,17438,252015239,103,4125,nan
17439,251016024,118,4161,17461,254002009,122,4111,nan
17464,257045426,113,5101,17472,257009095,123,4141,nan
17478,253021410,118,4161,17491,251031113,103,4213,nan
17494,251020030,111,4193,17507,251004193,114,5307,nan
17514,255068049,114,5H0A,17517,252025158,116,4109,nan
17518,251017099,123,5609,17539,254024188,115,4125,nan
17542,251045280,122,4193,17559,256051397,120,4111,nan
17562,251110573,122,4193,17593,254033113,109,4201,nan
17601,252103091,122,4193,17605,251135041,103,4125,nan
17616,251142372,115,4125,17619,254028009,114,5H2B,nan
17621,256016015,122,4193,17628,257050105,113,5101,nan
17630,252080117,105,4109,17645,257052094,108,4212,nan
17653,256025149,114,5H2B,17656,254017277,114,5H2B,nan
17659,255070062,106,5101,17663,256127246,122,4193,nan
17665,257045267,113,5101,17673,252098071,114,5306,nan
17678,254001439,108,4212,17680,252079113,108,4125,nan
17710,254030065,103,410Y,17729,257039137,122,4193,nan
17739,256072059,106,5101,17744,251042362,116,412O,nan
17747,256069136,114,5306,17754,252011245,114,5306,nan
17757,255063058,106,4130,17770,252058437,108,4125,nan
17772,251110358,111,4193,17777,254016442,109,4205,nan
17806,252068335,118,4111,17810,251059041,115,4125,nan
17819,254011310,114,5H2B,17823,257037360,106,5101,nan
17829,253019350,112,5A07,17851,256015176,121,4107,nan
17858,256069302,108,4125,17865,252010458,114,5306,nan
17873,251142233,106,4102,17892,252028075,114,5306,nan
17911,257044088,116,412O,17925,252079140,113,5302,nan
17929,251113113,103,4125,17934,252007265,114,5H2B,nan
17942,255037170,122,4193,17956,252004391,114,5H0A,nan
17962,251143351,108,4212,17999,254043111,108,4125,nan
18021,252007161,114,5H0A,18055,257004174,122,4193,nan
18094,252102187,122,4193,18108,252081224,116,4126,nan
18125,251141098,108,4125,18131,252013125,113,5302,nan
18137,252101034,122,4193,18153,252090093,115,4107,nan
18156,257006332,122,4193,18169,251049145,113,5602,nan
18182,256131225,106,5101,18229,251108186,114,5H0A,nan
18280,257043370,106,4102,18285,252009023,115,4117,nan
18310,252031440,108,4212,18311,256097020,114,5H0A,nan
18314,254011252,123,5609,18327,252005362,123,5609,nan
18334,251009035,114,5H2B,18359,251049250,123,5609,nan
18368,252084441,114,5H0A,18380,253034072,123,5609,nan
18381,251141275,106,4102,18396,254022020,123,5609,nan
18410,252014155,109,4201,18430,251128077,106,5101,nan
18436,251041018,106,4130,18453,255065066,123,5609,nan
18457,251111199,108,4125,18471,252081194,116,5101,nan
18480,251048238,123,5609,18486,256055138,118,4111,nan
18509,252102403,113,5302,18530,256051197,123,5609,nan
18578,255005081,114,4125,18585,256042208,120,4111,nan
18640,251159232,123,5609,18647,251142466,108,4125,nan
18676,251044230,114,4125,18702,256102176,123,5609,nan
18788,255066261,115,4107,18816,257014445,114,4107,nan
18838,252096095,106,4130,18843,256019223,106,5101,nan
18850,251017020,108,4107,18852,256094047,101,4125,nan
18856,251060031,123,5609,18860,255064174,114,4125,nan
18882,251021168,116,4109,18887,256027004,106,4130,nan
18906,256069158,101,4125,18912,256161402,114,4107,nan
18915,252102005,115,4117,18919,256145086,101,4125,nan
18920,251003164,108,4141,18953,252082249,113,5303,nan
18962,251052053,116,5101,18968,252030211,116,4109,nan
18979,256166225,123,5609,18983,252007260,108,4107,nan
18991,257013377,116,4109,18994,252098068,114,4107,nan
19006,257043328,106,5101,19020,252082027,106,5101,nan
19033,252051138,114,4125,19035,252002083,119,4111,nan
19068,256106245,121,4125,19074,251023093,106,4102,nan
19091,251045298,115,4117,19100,253014092,106,5101,nan
19108,252031264,103,4117,19141,255041055,106,5101,nan
19155,251111027,122,4111,19192,256055099,116,4109,nan
19219,252047110,116,4109,19225,251158147,116,4126,nan
19228,256069424,116,4130,19247,254012382,109,4205,nan
19251,255070098,113,5602,19276,256146404,114,4125,nan
19279,257050170,109,4205,19282,251142182,116,4109,nan
19295,256124077,116,4109,19296,257045378,116,5101,nan
19321,252083068,106,4130,19364,252047059,116,4109,nan
19396,251049284,113,5607,19402,252088015,114,4107,nan
19430,256089165,114,4117,19472,252080336,122,4125,nan
19519,254005100,116,4109,19522,251032117,108,4107,nan
19532,257039132,116,4126,19556,254040328,103,4125,nan
19563,254035294,116,5101,19589,251042043,106,4204,nan
19600,256098128,106,4130,19603,254037085,116,5101,nan
19650,251040089,106,4204,19655,251141036,111,4193,nan
19672,251060082,108,4143,19678,251137255,112,5409,nan
19716,251022182,106,5101,19717,251061042,112,4125,nan
19737,252092237,114,4125,19766,252047037,106,4210,nan
19820,255021403,101,4109,19839,252005223,114,4125,nan
19865,257045056,112,5A10,19925,251142448,112,4125,nan
19975,255068036,106,4204,19992,252013077,116,5101,nan
20014,255036225,106,4210,20022,251134081,106,4201,nan
20024,254013120,106,4130,20035,251109409,116,4126,nan
20044,257045064,101,4125,20060,256087350,106,4130,nan
20066,255035044,118,4111,20141,257042025,116,410B,nan
20173,256051451,118,4111,20185,254007093,113,5607,nan
20216,251110168,101,4125,20224,251145397,118,4178,nan
20249,254011311,106,4130,20264,254036034,109,4205,nan
20274,256032173,119,4111,20318,251051117,114,4119,nan
20322,254013072,105,4128,20333,256054166,121,4125,nan
20335,251142348,101,4125,20366,256043416,101,4125,nan
20385,252105024,112,4125,20391,256166752,121,4125,nan
20422,254027353,114,4125,20436,256022142,119,4125,nan
20437,251015087,112,4107,20457,254027347,116,4106,nan
20462,256069189,115,4109,20467,252003109,116,5101,nan
20567,251110512,114,4125,20579,252061098,116,5101,nan
20608,251110451,103,4125,20635,256160128,121,4109,nan
20677,254040247,116,4130,20718,257007080,114,4134,nan
20737,255057018,114,4134,20761,252081461,114,4117,nan
20778,251051216,103,4117,20792,252053079,116,5101,nan
20814,254012364,106,4201,20831,254012451,113,5303,nan
20854,251051232,106,4210,20897,255064287,108,4193,nan
20929,256069216,120,4125,20936,252079306,105,4128,nan
20949,252079080,106,4209,20982,255063104,106,4204,nan
20988,252089160,116,412M,20998,251051190,112,4125,nan
21013,252049162,112,4107,21060,252081383,106,4209,nan
21062,255032239,114,4107,21075,255063066,112,4117,nan
21087,252099237,116,412M,21088,256183155,101,4109,nan
21112,255046009,114,4109,21119,256095225,112,4117,nan
21141,251136211,118,4125,21146,252064270,116,4106,nan
21169,252101072,103,4109,21174,256042044,101,4109,nan
21177,254003375,118,4178,21182,251044095,112,4202,nan
21192,256057456,120,4125,21193,256122401,112,4107,nan
21206,252013110,122,4125,21227,255058434,112,4107,nan
21234,255040137,112,4125,21283,251051073,108,4143,nan
21285,256135215,118,4178,21456,251143317,118,4178,nan
21458,251007400,116,4106,21518,251053167,106,4209,nan
21532,252006053,106,4201,21565,252036046,115,412W,nan
21574,251015102,114,4189,21593,252050467,112,4125,nan
21618,251053099,106,4209,21621,256004183,112,4125,nan
21625,257045453,114,4109,21631,256059234,101,4127,nan
21659,252017294,101,4117,21678,251109118,119,4125,nan
21685,252106008,123,4125,21701,257023339,116,410B,nan
21722,251047348,108,4143,21733,257017200,115,4109,nan
21748,256070240,120,4109,21754,252015217,116,4173,nan
21759,255007464,121,4107,21792,257021138,115,4127,nan
21845,252081210,119,4125,21866,252032036,108,4141,nan
21916,256077004,118,4125,21963,251032038,123,4117,nan
21967,252081313,121,4107,22036,257040410,116,4106,nan
22064,252027224,112,4202,22067,254037181,112,4109,nan
22069,254006046,112,4107,22081,252042095,114,4109,nan
22086,255019120,103,4109,22094,251106018,123,4117,nan
22132,256095536,123,4125,22155,257053112,108,4141,nan
22174,253003388,116,4130,22187,256145252,114,4134,nan
22200,256159478,121,4109,22202,255005473,106,5101,nan
22218,251118162,114,4134,22272,257020278,114,5C02,nan
22275,256145374,123,4125,22305,252029026,112,4117,nan
22308,257004297,103,4109,22326,252022128,114,4119,nan
22329,256057303,114,4109,22345,253020262,114,4109,nan
22350,251141202,123,4125,22385,254005245,114,4134,nan
22389,252082334,114,4189,22400,251141459,105,4128,nan
22403,255067101,101,4117,22422,251102034,105,4128,nan
22524,251110745,112,5A04,22540,256195182,112,4108,nan
22551,251108009,116,4106,22563,257049120,114,4109,nan
22603,255036191,101,4127,22635,256069425,116,4130,nan
22639,257022004,114,5C02,22651,255032215,108,4143,nan
22703,256099033,116,4130,22711,257020073,122,4107,nan
22744,256067050,116,4173,22745,252079396,108,4141,nan
22766,255017577,116,4106,22787,251143548,112,4108,nan
22812,251033062,108,4141,22823,256055036,101,4109,nan
22852,251145229,118,4125,22870,252044064,112,4202,nan
22945,255030504,112,5A03,22975,254041030,114,4134,nan
22981,256043093,101,4127,22996,254017072,116,4130,nan
23034,252099313,115,4127,23037,251147220,118,4125,nan
23063,251014011,114,4134,23166,256106246,104,412T,nan
23230,251040155,118,4125,23258,252097184,116,4173,nan
23357,251124148,112,4108,23364,251045138,123,5609,nan
23385,256167062,101,4109,23399,255019059,101,4109,nan
23441,256028031,114,4130,23443,251091338,103,411D,nan
23540,257024203,115,412W,23543,252045184,103,4109,nan
23558,253049514,112,4109,23583,256061087,114,4189,nan
23606,252038018,114,4130,23611,252099124,122,4125,nan
23619,254013083,116,4130,23642,257022221,103,411D,nan
23651,252030172,114,4130,23652,253012358,122,4117,nan
23662,255037233,114,4189,23778,256159139,116,4173,nan
23882,257027251,112,4109,23899,256030021,114,4130,nan
23902,253031192,101,4109,23924,252102342,108,4211,nan
23960,256051116,101,4109,24011,252081373,116,4130,nan
24028,251050613,123,4141,24033,257049509,108,4193,nan
24100,251143508,116,4173,24121,257045242,114,5C02,nan
24124,254038314,106,5101,24168,251046083,121,4109,nan
24170,251108484,108,4193,24171,256042296,114,4130,nan
24221,255027076,112,4127,24243,251070319,122,4107,nan
24272,251109101,112,4109,24291,254030156,122,4107,nan
24505,251110110,114,5306,24508,256168001,116,4130,nan
24539,254014233,116,4130,24541,252080353,112,4109,nan
24662,257012053,116,4173,24725,256055296,121,4109,nan
24772,257027549,122,4117,24774,251137010,114,4131,nan
24802,252079234,114,4131,24896,251109199,112,4109,nan
24904,252031576,103,4143,25024,251060087,114,4131,nan
25041,252076099,114,4130,25110,252087163,114,4130,nan
25163,251115151,114,5C02,25164,251142245,123,410D,nan
25194,257020108,103,4143,25205,253004158,114,4119,nan
25237,254022350,114,4131,25304,256147172,123,4141,nan
25305,257004105,103,4213,25310,256069476,114,5C02,nan
25332,252015231,108,4211,25347,255066504,114,4119,nan
25502,252090129,108,4211,25533,252059359,123,410D,nan
25547,252097013,108,4212,25549,256089375,112,5406,nan
25561,256097153,112,4127,25564,251053065,112,4127,nan
25605,252002170,112,4127,25620,252085309,120,4109,nan
25691,254001204,114,5307,25701,251110785,114,5H0A,nan
25720,256060124,114,5H2B,25818,257033181,118,4161,nan
25856,251146015,108,4212,25865,256119192,123,5609,nan
